preco,area_m2,quartos,banheiros,vagas,localizacao,imovel
155000.0,50,2.0,1.0,1.0,"Campos Ville, Araraquara",Apartamento
88404.0,45,2.0,1.0,1.0,"Parque Laranjeiras, Araraquara",Apartamento
81964.0,46,2.0,1.0,1.0,"Vila Cidade Industrial (Vila Xavier), Araraquara",Apartamento
89575.0,44,2.0,1.0,1.0,"Jardim América (Vila Xavier), Araraquara",Apartamento
125000.0,44,2.0,1.0,1.0,"Vila Xavier (Vila Xavier), Araraquara",Apartamento
165536.0,51,2.0,1.0,1.0,"Cidade Jardim, Araraquara",Apartamento
600000.0,182,4.0,2.0,4.0,"Centro, Araraquara",Casa
255000.0,213,3.0,2.0,2.0,"Jardim Pinheiros (Vila Xavier), Araraquara",comercial
300000.0,169,3.0,1.0,2.0,"Jardim Brasil (Vila Xavier), Araraquara",comercial
180000.0,43,2.0,1.0,1.0,"Jardim Residencial Paraíso, Araraquara",Apartamento
87819.0,43,2.0,1.0,1.0,"Campos Ville, Araraquara",Apartamento
220000.0,47,2.0,1.0,1.0,"Jardim Residencial Paraíso, Araraquara",Apartamento
145000.0,46,2.0,1.0,1.0,"Jardim América (Vila Xavier), Araraquara",Apartamento
340000.0,92,2.0,2.0,1.0,"Jardim São Francisco, Araraquara",comercial
160432.0,46,2.0,1.0,1.0,"Parque Laranjeiras, Araraquara",Apartamento
180000.0,43,2.0,1.0,1.0,"Jardim Residencial Paraíso, Araraquara",Apartamento
680000.0,232,3.0,4.0,3.0,"Centro, Araraquara",Casa
72988.0,39,2.0,1.0,1.0,"Parque Residencial Iguatemi, Araraquara",Apartamento
320000.0,133,2.0,1.0,2.0,"Jardim Imperador, Araraquara",Casa
300000.0,49,2.0,2.0,1.0,"Jardim dos Manacás, Araraquara",Apartamento
425000.0,154,3.0,2.0,4.0,"Vila Xavier (Vila Xavier), Araraquara",comercial
265000.0,50,2.0,1.0,1.0,"Jardim Bandeirantes, Araraquara",Apartamento
168000.0,46,2.0,1.0,1.0,"Jardim das Flores, Araraquara",Apartamento
550000.0,270,3.0,1.0,2.0,"Jardim Higienópolis, Araraquara",comercial
350000.0,182,2.0,2.0,2.0,"Jardim Residencial Elvio Lupo, Araraquara",Casa
790000.0,539,4.0,6.0,2.0,"Vila Ferroviária, Araraquara",Casa
114838.0,43,2.0,1.0,1.0,"Jardim Residencial Paraíso, Araraquara",Apartamento
290000.0,49,2.0,1.0,1.0,"Vila Suconasa, Araraquara",Apartamento
300000.0,101,2.0,2.0,2.0,"Jardim Brasil (Vila Xavier), Araraquara",Casa
250000.0,50,2.0,1.0,1.0,"Jardim Bandeirantes, Araraquara",Apartamento
260000.0,56,2.0,1.0,1.0,"Jardim Residencial Paraíso, Araraquara",Apartamento
255000.0,49,2.0,1.0,1.0,"Vila Furlan, Araraquara",Apartamento
155000.0,56,2.0,1.0,1.0,"Jardim América (Vila Xavier), Araraquara",Apartamento
638000.0,267,4.0,2.0,4.0,"Jardim Ártico, Araraquara",comercial
165000.0,39,2.0,1.0,1.0,"Jardim Universal, Araraquara",Apartamento
280000.0,63,2.0,1.0,1.0,"Jardim dos Manacás, Araraquara",Apartamento
87819.0,43,1.0,1.0,1.0,"Jardim Residencial Paraíso, Araraquara",Apartamento
390000.0,95,3.0,3.0,2.0,"Jardim Roberto Selmi Dei, Araraquara",Casa
675000.0,222,3.0,3.0,3.0,"Jardim Ártico, Araraquara",comercial
550000.0,180,3.0,3.0,4.0,"Vila Esperança (Vila Xavier), Araraquara",Casa
370000.0,146,2.0,1.0,2.0,"Jardim Imperador II, Araraquara",Casa
119806.0,47,2.0,1.0,1.0,"Jardim São Rafael I, Araraquara",Apartamento
80000.0,50,2.0,1.0,1.0,"Jardim Residencial Paraíso, Araraquara",Apartamento
490000.0,233,2.0,3.0,2.0,"Jardim Almeida, Araraquara",Casa
364000.0,136,3.0,2.0,1.0,"Vila Cidade Industrial (Vila Xavier), Araraquara",comercial
130000.0,44,2.0,1.0,1.0,"Jardim Residencial Elvio Lupo, Araraquara",Apartamento
430000.0,102,2.0,1.0,2.0,"Cidade Jardim, Araraquara",comercial
187000.0,39,2.0,1.0,1.0,"Altos do Jaraguá, Araraquara",Apartamento
430000.0,178,3.0,1.0,2.0,"Residencial Cambuy, Araraquara",comercial
175000.0,51,2.0,1.0,1.0,"Altos do Jaraguá, Araraquara",Apartamento
320000.0,86,1.0,1.0,1.0,"Jardim do Carmo, Araraquara",comercial
680000.0,224,3.0,2.0,2.0,"Jardim Almeida, Araraquara",Casa
250000.0,45,2.0,1.0,1.0,"Residencial Cambuy, Araraquara",Apartamento
275000.0,49,2.0,1.0,1.0,"Vila Suconasa, Araraquara",Apartamento
140000.0,50,2.0,1.0,1.0,"Jardim Universal, Araraquara",Apartamento
330000.0,96,2.0,2.0,4.0,"Jardim do Bosque, Araraquara",Casa
195000.0,51,2.0,1.0,1.0,"Parque Laranjeiras, Araraquara",Apartamento
250000.0,50,2.0,1.0,1.0,"Jardim Bandeirantes, Araraquara",Apartamento
300000.0,220,2.0,1.0,1.0,"Vila Xavier (Vila Xavier), Araraquara",comercial
270000.0,51,2.0,1.0,1.0,"Residencial Cambuy, Araraquara",Apartamento
155000.0,49,2.0,1.0,1.0,"Jardim Quitandinha, Araraquara",Apartamento
199499.0,50,2.0,1.0,1.0,"Jardim Residencial Elvio Lupo, Araraquara",Apartamento
280000.0,182,3.0,2.0,2.0,"Jardim Cruzeiro do Sul I e II, Araraquara",comercial
250000.0,48,2.0,1.0,1.0,"Jardim Bandeirantes, Araraquara",Apartamento
270000.0,49,2.0,1.0,1.0,"Vila Suconasa, Araraquara",Apartamento
290000.0,156,1.0,2.0,2.0,"Centro, Araraquara",comercial
380000.0,143,2.0,1.0,2.0,"Jardim Pinheiros (Vila Xavier), Araraquara",Casa
495000.0,248,3.0,2.0,3.0,"Jardim dos Ipês, Araraquara",Casa
180000.0,50,2.0,1.0,1.0,"Campos Ville, Araraquara",Apartamento
99000.0,50,2.0,1.0,1.0,"Jardim Residencial Paraíso, Araraquara",Apartamento
430000.0,169,2.0,3.0,1.0,"Jardim Adalberto Frederico de Oliveira Roxo I, Araraquara",comercial
270000.0,54,2.0,2.0,2.0,"Jardim dos Industriários, Araraquara",Casa
329000.0,142,2.0,2.0,3.0,"Centro, Araraquara",comercial
240000.0,47,1.0,1.0,1.0,"Centro, Araraquara",Apartamento
380000.0,141,2.0,1.0,2.0,"Jardim Viaduto (Vila Xavier), Araraquara",Casa
150000.0,49,2.0,1.0,1.0,"Doutor Tancredo de Almeida Neves, Araraquara",Apartamento
130000.0,46,2.0,1.0,1.0,"Jardim América (Vila Xavier), Araraquara",Apartamento
395000.0,170,3.0,3.0,2.0,"Doutor Tancredo de Almeida Neves, Araraquara",Casa
130000.0,46,2.0,1.0,1.0,"Jardim América (Vila Xavier), Araraquara",Apartamento
395000.0,170,3.0,3.0,2.0,"Doutor Tancredo de Almeida Neves, Araraquara",Casa
530000.0,149,3.0,2.0,2.0,"Vila Sedenho, Araraquara",Casa
110000.0,40,2.0,1.0,1.0,"Jardim Quitandinha II, Araraquara",Apartamento
135000.0,41,2.0,1.0,1.0,"Jardim Universal, Araraquara",Apartamento
145000.0,51,2.0,1.0,1.0,"Vila Xavier (Vila Xavier), Araraquara",Apartamento
380000.0,172,3.0,3.0,4.0,"Jardim Padre Anchieta, Araraquara",Casa
130000.0,43,2.0,1.0,1.0,"Solidariedade, Araraquara",Apartamento
180000.0,50,2.0,1.0,1.0,"Jardim Residencial Paraíso, Araraquara",Apartamento
250000.0,205,1.0,2.0,3.0,"Jardim Águas do Paiol, Araraquara",comercial
159440.0,43,2.0,1.0,1.0,"Campos Ville, Araraquara",Apartamento
220000.0,70,2.0,1.0,2.0,"Jardim dos Oitis, Araraquara",Casa
170000.0,50,2.0,1.0,1.0,"Jardim Universal, Araraquara",Apartamento
130000.0,44,2.0,1.0,1.0,"Jardim América (Vila Xavier), Araraquara",Apartamento
440000.0,217,3.0,3.0,2.0,"Jardim Brasil (Vila Xavier), Araraquara",comercial
170000.0,47,2.0,1.0,1.0,"Jardim Residencial Paraíso, Araraquara",Apartamento
325000.0,53,2.0,1.0,1.0,"Jardim Botânico, Araraquara",Apartamento
320000.0,53,2.0,1.0,1.0,"Cidade Jardim, Araraquara",Apartamento
400000.0,177,3.0,1.0,2.0,"Parque Residencial Vale do Sol, Araraquara",Casa
220000.0,54,2.0,1.0,1.0,"Jardim Botânico, Araraquara",Apartamento
320000.0,140,3.0,1.0,2.0,"Parque Residencial Vale do Sol, Araraquara",comercial
350000.0,61,2.0,1.0,1.0,"Jardim Magnólias, Araraquara",Apartamento
135000.0,33,1.0,1.0,1.0,"Vila Santana, Araraquara",Apartamento
345000.0,58,2.0,2.0,2.0,"Jardim Magnólias, Araraquara",Apartamento
335000.0,140,3.0,2.0,1.0,"Vila Aracoara, Araraquara",Casa
145000.0,50,2.0,1.0,1.0,"Parque Residencial Iguatemi, Araraquara",Apartamento
320000.0,52,2.0,1.0,1.0,"Cidade Jardim, Araraquara",Apartamento
274490.0,50,2.0,1.0,1.0,"Vila Harmonia, Araraquara",Apartamento
425532.0,124,2.0,2.0,1.0,"Residencial Alamedas, Araraquara",comercial
150000.0,47,2.0,1.0,1.0,"Parque Laranjeiras, Araraquara",Apartamento
250000.0,48,2.0,1.0,1.0,"Vila Melhado, Araraquara",Apartamento
290000.0,51,2.0,1.0,1.0,"Residencial Cambuy, Araraquara",Apartamento
285000.0,85,2.0,1.0,1.0,"Jardim Maria Luiza, Araraquara",Casa
540000.0,215,3.0,2.0,2.0,"Centro, Araraquara",Casa
399990.0,256,3.0,3.0,4.0,"Jardim do Carmo, Araraquara",comercial
300000.0,181,2.0,2.0,2.0,"Centro, Araraquara",comercial
135000.0,117,2.0,1.0,2.0,"Parque das Hortências, Araraquara",comercial
250000.0,50,2.0,1.0,1.0,"Jardim Bandeirantes, Araraquara",Apartamento
368000.0,63,2.0,2.0,2.0,"Vila Ferroviária, Araraquara",Apartamento
130000.0,39,2.0,1.0,1.0,"Parque Residencial Iguatemi, Araraquara",Apartamento
192000.0,49,2.0,1.0,1.0,"Jardim Universal, Araraquara",Apartamento
720000.0,296,3.0,3.0,4.0,"Vila Melhado, Araraquara",Casa
149000.0,49,2.0,1.0,1.0,"Jardim Primor, Araraquara",Apartamento
170000.0,53,2.0,1.0,1.0,"Solidariedade, Araraquara",Apartamento
180000.0,49,2.0,1.0,1.0,"Jardim Primor, Araraquara",Apartamento
150000.0,47,2.0,1.0,1.0,"Jardim Califórnia, Araraquara",Apartamento
400000.0,149,3.0,2.0,3.0,"Jardim Vitória, Araraquara",Casa
160000.0,55,2.0,1.0,1.0,"Doutor Tancredo de Almeida Neves, Araraquara",Apartamento
320000.0,48,2.0,1.0,2.0,"Jardim Marivan, Araraquara",Apartamento
165000.0,49,2.0,1.0,1.0,"Jardim Primor, Araraquara",Apartamento
310000.0,64,2.0,1.0,1.0,"Residencial Cambuy, Araraquara",Apartamento
325000.0,50,2.0,1.0,1.0,"Vila Suconasa, Araraquara",Apartamento
345000.0,111,3.0,2.0,3.0,"Parque Residencial Vale do Sol, Araraquara",Casa
390000.0,50,2.0,1.0,2.0,"Estrela e Kanashiro, Araraquara",Apartamento
250000.0,50,2.0,1.0,1.0,"Jardim Bandeirantes, Araraquara",Apartamento
550000.0,224,3.0,4.0,3.0,"Centro, Araraquara",comercial
300000.0,49,2.0,1.0,1.0,"Vila Suconasa, Araraquara",Apartamento
350000.0,148,3.0,2.0,2.0,"Residencial Acapulco, Araraquara",Casa
165000.0,55,2.0,1.0,1.0,"Doutor Tancredo de Almeida Neves, Araraquara",Apartamento
133000.0,45,2.0,1.0,1.0,"Jardim Universal, Araraquara",Apartamento
170000.0,46,2.0,1.0,1.0,"Jardim das Flores, Araraquara",Apartamento
176000.0,43,2.0,1.0,1.0,"Jardim Residencial Paraíso, Araraquara",Apartamento
145000.0,48,2.0,1.0,1.0,"Doutor Tancredo de Almeida Neves, Araraquara",Apartamento
150000.0,43,2.0,1.0,1.0,"Solidariedade, Araraquara",Apartamento
425000.0,58,2.0,1.0,1.0,"Vila Santana, Araraquara",Apartamento
255000.0,49,2.0,1.0,1.0,"Vila Harmonia, Araraquara",Apartamento
310000.0,48,2.0,1.0,2.0,"Jardim Marivan, Araraquara",Apartamento
320000.0,142,3.0,1.0,2.0,"Jardim Santa Júlia III, Araraquara",Casa
225000.0,36,1.0,1.0,1.0,"Centro, Araraquara",Apartamento
160000.0,45,2.0,1.0,1.0,"Jardim Universal, Araraquara",Apartamento
370000.0,65,2.0,2.0,1.0,"Residencial Cambuy, Araraquara",Apartamento
600000.0,218,2.0,2.0,4.0,"Vila Xavier (Vila Xavier), Araraquara",comercial
180000.0,39,2.0,1.0,1.0,"Jardim Universal, Araraquara",Apartamento
155000.0,44,2.0,1.0,1.0,"Jardim Califórnia, Araraquara",Apartamento
150000.0,51,2.0,1.0,1.0,"Jardim Residencial Paraíso, Araraquara",Apartamento
250000.0,49,2.0,1.0,1.0,"Vila Furlan, Araraquara",Apartamento
230000.0,183,3.0,2.0,2.0,"Centro, Araraquara",comercial
210000.0,43,2.0,1.0,1.0,"Jardim Brasil (Vila Xavier), Araraquara",Apartamento
200000.0,40,1.0,1.0,1.0,"Vila Furlan, Araraquara",Flat
510000.0,178,3.0,2.0,1.0,"Vila Furlan, Araraquara",Casa
550000.0,221,4.0,3.0,3.0,"Jardim Adalgisa, Araraquara",comercial
105482.0,43,2.0,1.0,1.0,"Jardim Residencial Paraíso, Araraquara",Apartamento
298000.0,63,2.0,2.0,1.0,"Centro, Araraquara",Apartamento
470000.0,180,3.0,3.0,3.0,"Vila Independência, Araraquara",comercial
250000.0,60,2.0,1.0,1.0,"Jardim Brasília (Vila Xavier), Araraquara",Apartamento
350000.0,93,3.0,2.0,2.0,"Vila Xavier (Vila Xavier), Araraquara",Apartamento
98371.0,46,2.0,1.0,1.0,"Jardim São Rafael II, Araraquara",Apartamento
200000.0,52,2.0,1.0,1.0,"Jardim Residencial Paraíso, Araraquara",Apartamento
180000.0,43,2.0,1.0,1.0,"Jardim Residencial Paraíso, Araraquara",Apartamento
372500.0,210,2.0,2.0,3.0,"Vila Yamada, Araraquara",Casa
170000.0,44,2.0,1.0,1.0,"Jardim Primor, Araraquara",Apartamento
322000.0,290,3.0,3.0,2.0,"Centro, Araraquara",comercial
120000.0,45,2.0,1.0,1.0,"Jardim Residencial Paraíso, Araraquara",Apartamento
372500.0,210,2.0,2.0,3.0,"Vila Yamada, Araraquara",Casa
170000.0,44,2.0,1.0,1.0,"Jardim Primor, Araraquara",Apartamento
322000.0,290,3.0,3.0,2.0,"Centro, Araraquara",comercial
120000.0,45,2.0,1.0,1.0,"Jardim Residencial Paraíso, Araraquara",Apartamento
370000.0,61,2.0,2.0,2.0,"Jardim Bounganville, Araraquara",Apartamento
310000.0,50,2.0,1.0,1.0,"Vila Suconasa, Araraquara",Apartamento
180000.0,44,2.0,1.0,1.0,"Jardim Residencial Paraíso, Araraquara",Apartamento
990000.0,243,4.0,4.0,4.0,"Jardim Primavera, Araraquara",Sobrado
180000.0,45,2.0,1.0,1.0,"Vila Xavier (Vila Xavier), Araraquara",Apartamento
390000.0,51,2.0,1.0,2.0,"Estrela e Kanashiro, Araraquara",Apartamento
380000.0,174,3.0,2.0,4.0,"Jardim Santa Lúcia, Araraquara",comercial
514200.0,221,3.0,3.0,2.0,"Vila Sedenho, Araraquara",Casa
322000.0,52,2.0,1.0,1.0,"Jardim Magnólias, Araraquara",Apartamento
135000.0,49,2.0,1.0,1.0,"Jardim Universal, Araraquara",Apartamento
120000.0,53,2.0,1.0,1.0,"Jardim das Estações (Vila Xavier), Araraquara",Apartamento
270000.0,85,2.0,2.0,1.0,"Jardim Tinen, Araraquara",Apartamento
170000.0,44,2.0,1.0,1.0,"Jardim Residencial Paraíso, Araraquara",Apartamento
80000.0,51,2.0,1.0,1.0,"Jardim Residencial Paraíso, Araraquara",Apartamento
270000.0,173,1.0,1.0,2.0,"Jardim Santa Clara (Vila Xavier), Araraquara",comercial
270000.0,173,1.0,1.0,2.0,"Jardim Santa Clara (Vila Xavier), Araraquara",comercial
425000.0,190,3.0,1.0,1.0,"Centro, Araraquara",comercial
235000.0,53,2.0,1.0,1.0,"Jardim Residencial Paraíso, Araraquara",Apartamento
372000.0,53,2.0,1.0,1.0,"Vila Suconasa, Araraquara",Apartamento
375000.0,180,3.0,1.0,2.0,"Jardim Paulistano (Vila Xavier), Araraquara",Casa
580000.0,148,3.0,3.0,3.0,"Jardim do Carmo, Araraquara",comercial
390000.0,81,3.0,2.0,2.0,"Vila Melhado, Araraquara",Apartamento
500000.0,160,3.0,3.0,2.0,"Jardim Maria Luiza V, Araraquara",Casa
380000.0,139,2.0,1.0,2.0,"Vila Tito de Carvalho (Vila Xavier), Araraquara",Casa
292000.0,135,2.0,2.0,1.0,"Jardim Brasil (Vila Xavier), Araraquara",Casa
424000.0,164,2.0,2.0,2.0,"Jardim Aclimação, Araraquara",Casa
320000.0,169,2.0,1.0,1.0,"Jardim América (Vila Xavier), Araraquara",comercial
170000.0,49,2.0,1.0,1.0,"Jardim Residencial Elvio Lupo, Araraquara",Apartamento
170000.0,43,2.0,1.0,1.0,"Jardim Residencial Paraíso, Araraquara",Apartamento
107000.0,51,2.0,1.0,1.0,"Vila Biagioni (Vila Xavier), Araraquara",Apartamento
249900.0,49,2.0,1.0,1.0,"Jardim do Bosque, Araraquara",Apartamento
140000.0,39,2.0,1.0,1.0,"Parque Residencial Iguatemi, Araraquara",Apartamento
150000.0,43,2.0,1.0,1.0,"Jardim Residencial Paraíso, Araraquara",Apartamento
260000.0,49,2.0,1.0,1.0,"Vila Harmonia, Araraquara",Apartamento
180000.0,136,1.0,1.0,2.0,"Jardim Adalberto Frederico de Oliveira Roxo I, Araraquara",comercial
200000.0,47,2.0,1.0,1.0,"Jardim Residencial Paraíso, Araraquara",Apartamento
180000.0,39,2.0,1.0,1.0,"Jardim Brasília (Vila Xavier), Araraquara",Apartamento
502000.0,62,2.0,2.0,2.0,"Centro, Araraquara",Apartamento
280000.0,95,3.0,1.0,1.0,"Centro, Araraquara",comercial
585000.0,157,3.0,2.0,2.0,"Centro, Araraquara",comercial
490000.0,201,3.0,2.0,2.0,"Jardim do Carmo, Araraquara",Casa
150000.0,55,2.0,1.0,1.0,"Parque Residencial Iguatemi, Araraquara",Apartamento
785000.0,278,5.0,3.0,2.0,"Centro, Araraquara",Casa
450000.0,203,3.0,3.0,3.0,"Jardim das Estações (Vila Xavier), Araraquara",Casa
160000.0,49,2.0,1.0,1.0,"Doutor Tancredo de Almeida Neves, Araraquara",Apartamento
155000.0,50,2.0,1.0,1.0,"Campos Ville, Araraquara",Apartamento
155000.0,45,2.0,1.0,1.0,"Jardim Residencial Elvio Lupo, Araraquara",Apartamento
480000.0,62,2.0,2.0,1.0,"Jardim dos Manacás, Araraquara",Apartamento
260000.0,93,2.0,1.0,1.0,"Centro, Araraquara",comercial
175000.0,45,2.0,1.0,1.0,"Jardim América (Vila Xavier), Araraquara",Apartamento
170000.0,47,2.0,1.0,1.0,"Jardim Residencial Paraíso, Araraquara",Apartamento
395000.0,154,2.0,1.0,2.0,"Parque Igaçaba, Araraquara",Casa
250000.0,112,2.0,2.0,1.0,"Jardim Cruzeiro do Sul I e II, Araraquara",Casa
230000.0,133,1.0,1.0,2.0,"Centro, Araraquara",comercial
180000.0,48,2.0,1.0,1.0,"Jardim Universal, Araraquara",Apartamento
330000.0,138,3.0,2.0,2.0,"Jardim Roberto Selmi Dei, Araraquara",comercial
159000.0,50,2.0,1.0,1.0,"Jardim Residencial Paraíso, Araraquara",Apartamento
360000.0,78,2.0,3.0,1.0,"Vila Furlan, Araraquara",Apartamento
315000.0,50,2.0,1.0,1.0,"Jardim Magnólias, Araraquara",Apartamento
420000.0,224,3.0,2.0,3.0,"Vila Xavier (Vila Xavier), Araraquara",comercial
175000.0,57,2.0,1.0,1.0,"Jardim Residencial Paraíso, Araraquara",Apartamento
335000.0,78,2.0,2.0,1.0,"Vila Furlan, Araraquara",Apartamento
170000.0,55,2.0,1.0,1.0,"Solidariedade, Araraquara",Apartamento
86063.0,39,2.0,1.0,1.0,"Jardim Quitandinha II, Araraquara",Apartamento
450000.0,201,2.0,4.0,3.0,"Jardim São Gabriel, Araraquara",comercial
145000.0,61,2.0,1.0,1.0,"Vila Esperança (Vila Xavier), Araraquara",Apartamento
500000.0,265,3.0,2.0,2.0,"Jardim Ártico, Araraquara",comercial
158000.0,50,2.0,1.0,1.0,"Vila Renata (Vila Xavier), Araraquara",Apartamento
200000.0,48,2.0,1.0,1.0,"Campos Ville, Araraquara",Apartamento
158000.0,50,2.0,1.0,1.0,"Vila Renata (Vila Xavier), Araraquara",Apartamento
200000.0,48,2.0,1.0,1.0,"Campos Ville, Araraquara",Apartamento
160000.0,53,2.0,1.0,1.0,"Solidariedade, Araraquara",Apartamento
495000.0,212,3.0,2.0,2.0,"Centro, Araraquara",Casa
140000.0,55,2.0,1.0,1.0,"Jardim América (Vila Xavier), Araraquara",Apartamento
300000.0,63,2.0,1.0,1.0,"Jardim dos Manacás, Araraquara",Apartamento
450000.0,170,4.0,2.0,2.0,"Centro, Araraquara",Casa
250000.0,50,2.0,1.0,1.0,"Estrela e Kanashiro, Araraquara",Apartamento
120000.0,47,2.0,1.0,1.0,"Jardim das Estações (Vila Xavier), Araraquara",Apartamento
140000.0,61,2.0,1.0,1.0,"Jardim Europa (Vila Xavier), Araraquara",Apartamento
320000.0,51,2.0,1.0,1.0,"Jardim Magnólias, Araraquara",Apartamento
190000.0,44,2.0,1.0,1.0,"Altos do Jaraguá, Araraquara",Apartamento
680000.0,144,3.0,2.0,10.0,"Campos Ville, Araraquara",comercial
170000.0,49,2.0,1.0,1.0,"Jardim Residencial Paraíso, Araraquara",Apartamento
300000.0,160,2.0,1.0,2.0,"Parque Residencial Iguatemi, Araraquara",comercial
160000.0,47,2.0,1.0,1.0,"Jardim Quitandinha, Araraquara",Apartamento
170000.0,43,2.0,1.0,1.0,"Solidariedade, Araraquara",Apartamento
220000.0,69,2.0,1.0,2.0,"Jardim dos Oitis, Araraquara",Casa
170000.0,56,2.0,1.0,1.0,"Jardim Residencial Paraíso, Araraquara",Apartamento
150000.0,44,2.0,1.0,1.0,"Jardim Residencial Elvio Lupo, Araraquara",Apartamento
150000.0,44,2.0,1.0,1.0,"Jardim Residencial Elvio Lupo, Araraquara",Apartamento
640000.0,227,3.0,2.0,5.0,"Vila Harmonia, Araraquara",comercial
450000.0,172,3.0,1.0,2.0,"Jardim Santa Júlia (Vila Xavier), Araraquara",Casa
315000.0,173,3.0,1.0,3.0,"Centro, Araraquara",comercial
475000.0,208,3.0,1.0,4.0,"Vila Xavier (Vila Xavier), Araraquara",comercial
165000.0,45,2.0,1.0,1.0,"Parque Laranjeiras, Araraquara",Apartamento
320000.0,53,2.0,1.0,1.0,"Vila Velosa, Araraquara",Apartamento
160000.0,40,2.0,1.0,1.0,"Jardim Brasília (Vila Xavier), Araraquara",Apartamento
170000.0,43,2.0,1.0,1.0,"Jardim Residencial Paraíso, Araraquara",Apartamento
297000.0,149,2.0,2.0,2.0,"Jardim do Carmo, Araraquara",comercial
455000.0,62,2.0,2.0,1.0,"Jardim dos Manacás, Araraquara",Apartamento
175000.0,52,2.0,1.0,1.0,"Jardim América (Vila Xavier), Araraquara",Apartamento
145000.0,43,2.0,1.0,1.0,"Solidariedade, Araraquara",Apartamento
400000.0,204,3.0,1.0,2.0,"Parque Alvorada, Araraquara",Casa
170000.0,44,2.0,1.0,1.0,"Vila Xavier (Vila Xavier), Araraquara",Apartamento
200000.0,39,2.0,1.0,1.0,"Altos do Jaraguá, Araraquara",Apartamento
580000.0,263,5.0,3.0,3.0,"Jardim Nova América, Araraquara",Casa
185000.0,46,2.0,1.0,1.0,"Jardim das Flores, Araraquara",Apartamento
121900.0,45,2.0,1.0,1.0,"Jardim Residencial Paraíso, Araraquara",Apartamento
150000.0,46,2.0,1.0,1.0,"Jardim Universal, Araraquara",Apartamento
470000.0,248,3.0,2.0,2.0,"Jardim Cruzeiro do Sul I e II, Araraquara",Casa
335000.0,72,2.0,1.0,1.0,"Jardim dos Manacás, Araraquara",Apartamento
270000.0,140,3.0,1.0,1.0,"Parque Residencial Jatobá, Araraquara",comercial
260000.0,56,2.0,1.0,2.0,"Parque São Paulo (Vila Xavier), Araraquara",Casa
145000.0,50,2.0,1.0,1.0,"Jardim Residencial Paraíso, Araraquara",Apartamento
270000.0,50,2.0,1.0,1.0,"Jardim Bandeirantes, Araraquara",Apartamento
520000.0,135,3.0,3.0,4.0,"Centro, Araraquara",comercial
460000.0,58,2.0,2.0,1.0,"Jardim Nova Araraquara, Araraquara",Apartamento
189999.0,113,2.0,1.0,5.0,"Vila Progresso, Araraquara",comercial
360000.0,50,2.0,1.0,1.0,"Jardim Bandeirantes, Araraquara",Apartamento
250000.0,69,2.0,1.0,1.0,"Centro, Araraquara",Apartamento
480000.0,195,3.0,3.0,2.0,"Jardim Nova Época, Araraquara",Casa
420000.0,133,3.0,2.0,5.0,"Vila Xavier (Vila Xavier), Araraquara",comercial
149000.0,44,2.0,1.0,1.0,"Vila Xavier (Vila Xavier), Araraquara",Apartamento
149000.0,40,2.0,1.0,1.0,"Jardim Quitandinha II, Araraquara",Apartamento
200000.0,39,1.0,1.0,1.0,"Centro, Araraquara",Apartamento
220000.0,69,1.0,2.0,4.0,"Parque Residencial Vale do Sol, Araraquara",comercial
280000.0,51,2.0,1.0,1.0,"Residencial Cambuy, Araraquara",Apartamento
160000.0,46,2.0,1.0,1.0,"Jardim das Flores, Araraquara",Apartamento
160000.0,43,2.0,1.0,1.0,"Solidariedade, Araraquara",Apartamento
430000.0,199,4.0,2.0,2.0,"Jardim Almeida, Araraquara",Conjunto
180000.0,39,2.0,1.0,1.0,"Jardim Brasília (Vila Xavier), Araraquara",Apartamento
160000.0,46,2.0,1.0,1.0,"Jardim das Flores, Araraquara",Apartamento
160000.0,43,2.0,1.0,1.0,"Solidariedade, Araraquara",Apartamento
430000.0,199,4.0,2.0,2.0,"Jardim Almeida, Araraquara",Conjunto
180000.0,39,2.0,1.0,1.0,"Jardim Brasília (Vila Xavier), Araraquara",Apartamento
130000.0,40,2.0,1.0,1.0,"Parque Laranjeiras, Araraquara",Apartamento
495000.0,62,2.0,2.0,1.0,"Jardim dos Manacás, Araraquara",Apartamento
144900.0,43,2.0,1.0,1.0,"Jardim Residencial Paraíso, Araraquara",Apartamento
169000.0,44,2.0,1.0,1.0,"Jardim Residencial Paraíso, Araraquara",Apartamento
290000.0,49,2.0,1.0,1.0,"Vila Furlan, Araraquara",Apartamento
155000.0,43,2.0,1.0,1.0,"Jardim Residencial Elvio Lupo, Araraquara",Apartamento
135000.0,45,2.0,1.0,1.0,"Jardim Universal, Araraquara",Apartamento
300000.0,51,2.0,1.0,1.0,"Residencial Cambuy, Araraquara",Apartamento
130000.0,49,2.0,1.0,1.0,"Doutor Tancredo de Almeida Neves, Araraquara",Apartamento
159840.0,55,2.0,1.0,1.0,"Jardim das Flores, Araraquara",Apartamento
600000.0,144,3.0,2.0,2.0,"Vila José Bonifácio, Araraquara",comercial
350000.0,62,2.0,2.0,1.0,"Jardim Magnólias, Araraquara",Apartamento
300000.0,150,2.0,1.0,1.0,"Centro, Araraquara",comercial
96000.0,46,2.0,1.0,1.0,"Jardim São Rafael II, Araraquara",Apartamento
450000.0,171,3.0,2.0,1.0,"Vila Nossa Senhora do Carmo, Araraquara",Casa
295000.0,54,2.0,1.0,1.0,"Vila Velosa, Araraquara",Apartamento
360000.0,97,3.0,2.0,1.0,"Vila Melhado, Araraquara",Apartamento
470000.0,154,3.0,1.0,2.0,"Jardim Arangá, Araraquara",Casa
140000.0,44,2.0,1.0,1.0,"Doutor Tancredo de Almeida Neves, Araraquara",Apartamento
375000.0,58,2.0,2.0,1.0,"Cidade Jardim, Araraquara",Apartamento
170000.0,40,2.0,1.0,1.0,"Jardim Quitandinha II, Araraquara",Apartamento
280000.0,97,2.0,1.0,1.0,"Jardim dos Oitis, Araraquara",Casa
850000.0,146,3.0,4.0,3.0,"Vila Yamada, Araraquara",Apartamento
490000.0,204,3.0,2.0,3.0,"Centro, Araraquara",comercial
160000.0,54,2.0,1.0,1.0,"Jardim Residencial Paraíso, Araraquara",Apartamento
180000.0,44,2.0,1.0,1.0,"Solidariedade, Araraquara",Apartamento
330000.0,61,2.0,1.0,1.0,"Jardim dos Manacás, Araraquara",Apartamento
200000.0,64,2.0,1.0,1.0,"Vila Melhado, Araraquara",Apartamento
160000.0,44,2.0,1.0,1.0,"Jardim Califórnia, Araraquara",Apartamento
155000.0,55,2.0,1.0,1.0,"Jardim América (Vila Xavier), Araraquara",Apartamento
470000.0,249,3.0,2.0,2.0,"Jardim Cruzeiro do Sul I e II, Araraquara",comercial
140000.0,39,2.0,1.0,1.0,"Jardim Universal, Araraquara",Apartamento
490000.0,72,3.0,2.0,2.0,"Jardim Nova Araraquara, Araraquara",Apartamento
150000.0,56,2.0,1.0,1.0,"Jardim Residencial Paraíso, Araraquara",Apartamento
124900.0,49,2.0,1.0,1.0,"Doutor Tancredo de Almeida Neves, Araraquara",Apartamento
267500.0,51,2.0,1.0,1.0,"Jardim Bandeirantes, Araraquara",Apartamento
250000.0,110,2.0,1.0,1.0,"Jardim Residencial Silvestre, Araraquara",Casa
165000.0,44,2.0,1.0,1.0,"Altos do Jaraguá, Araraquara",Apartamento
330000.0,65,3.0,2.0,1.0,"Jardim Viaduto (Vila Xavier), Araraquara",Apartamento
185000.0,40,2.0,1.0,1.0,"Jardim Brasília (Vila Xavier), Araraquara",Apartamento
350000.0,228,2.0,2.0,4.0,"Jardim Indaiá, Araraquara",comercial
430000.0,57,2.0,2.0,1.0,"Vila Santana, Araraquara",Apartamento
170000.0,49,2.0,1.0,1.0,"Jardim Califórnia, Araraquara",Apartamento
490000.0,173,2.0,3.0,4.0,"Vila José Bonifácio, Araraquara",comercial
160000.0,49,2.0,1.0,1.0,"Jardim Primor, Araraquara",Apartamento
145000.0,53,2.0,1.0,1.0,"Solidariedade, Araraquara",Apartamento
160000.0,49,2.0,1.0,1.0,"Jardim Quitandinha, Araraquara",Apartamento
800000.0,184,3.0,4.0,2.0,"Villa Dei Fiori Residencial, Araraquara",condomínio
160000.0,43,2.0,1.0,1.0,"Campos Ville, Araraquara",Apartamento
360000.0,99,4.0,1.0,2.0,"Jardim Portugal, Araraquara",Cobertura
330000.0,53,2.0,2.0,1.0,"Residencial Cambuy, Araraquara",Apartamento
350000.0,96,2.0,1.0,2.0,"Jardim Águas do Paiol, Araraquara",Casa
130000.0,47,1.0,1.0,1.0,"Jardim das Roseiras, Araraquara",Apartamento
255000.0,57,2.0,2.0,1.0,"Vila Xavier (Vila Xavier), Araraquara",Apartamento
128162.0,48,2.0,1.0,1.0,"Residencial Quinta das Oliveiras, Araraquara",Apartamento
224000.0,240,3.0,2.0,1.0,"Jardim Viaduto (Vila Xavier), Araraquara",comercial
360000.0,90,2.0,1.0,2.0,"Jardim São Jorge, Araraquara",Casa
260000.0,69,2.0,1.0,1.0,"Centro, Araraquara",Apartamento
170000.0,46,2.0,1.0,1.0,"Jardim das Flores, Araraquara",Apartamento
715000.0,92,2.0,3.0,2.0,"Vila Harmonia, Araraquara",Apartamento
125000.0,39,2.0,1.0,1.0,"Jardim Universal, Araraquara",Apartamento
165000.0,48,2.0,1.0,1.0,"Jardim América (Vila Xavier), Araraquara",Apartamento
240000.0,80,2.0,1.0,1.0,"Vila Santa Maria (Vila Xavier), Araraquara",Casa
145000.0,46,2.0,1.0,1.0,"Jardim América (Vila Xavier), Araraquara",Apartamento
300000.0,145,3.0,1.0,2.0,"Centro, Araraquara",comercial
149840.0,43,2.0,1.0,1.0,"Campos Ville, Araraquara",Apartamento
650000.0,298,3.0,2.0,2.0,"Jardim Residencial Iedda, Araraquara",comercial
135000.0,39,2.0,1.0,1.0,"Jardim Quitandinha II, Araraquara",Apartamento
330000.0,52,2.0,1.0,1.0,"Jardim Botânico, Araraquara",Apartamento
200000.0,50,2.0,1.0,1.0,"Jardim Residencial Paraíso, Araraquara",Apartamento
180000.0,53,2.0,1.0,1.0,"Jardim Residencial Paraíso, Araraquara",Apartamento
145000.0,44,2.0,1.0,1.0,"Jardim Residencial Elvio Lupo, Araraquara",Apartamento
150000.0,47,2.0,1.0,1.0,"Jardim Europa (Vila Xavier), Araraquara",Apartamento
180000.0,49,2.0,1.0,1.0,"Jardim Primor, Araraquara",Apartamento
125000.0,49,2.0,1.0,1.0,"Parque Residencial Iguatemi, Araraquara",Apartamento
167000.0,51,2.0,1.0,1.0,"Jardim das Flores, Araraquara",Apartamento
155000.0,46,2.0,1.0,1.0,"Jardim Residencial Paraíso, Araraquara",Apartamento
150000.0,49,2.0,1.0,1.0,"Jardim Primor, Araraquara",Apartamento
137800.0,39,2.0,1.0,1.0,"Jardim Universal, Araraquara",Apartamento
520000.0,210,3.0,3.0,2.0,"Jardim das Flores, Araraquara",Casa
280000.0,189,2.0,1.0,2.0,"Jardim Roberto Selmi Dei, Araraquara",Casa
168000.0,54,2.0,1.0,1.0,"Vila Furlan, Araraquara",Apartamento
480000.0,57,2.0,2.0,1.0,"Centro, Araraquara",Apartamento
170000.0,47,2.0,1.0,1.0,"Jardim Residencial Paraíso, Araraquara",Apartamento
200000.0,71,2.0,1.0,1.0,"Jardim América (Vila Xavier), Araraquara",Apartamento
245000.0,48,2.0,1.0,1.0,"Jardim Botânico, Araraquara",Apartamento
170220.0,57,2.0,1.0,1.0,"Jardim América (Vila Xavier), Araraquara",Apartamento
519000.0,186,3.0,1.0,3.0,"Jardim Tabapuã (Vila Xavier), Araraquara",comercial
170000.0,43,2.0,1.0,1.0,"Jardim Residencial Paraíso, Araraquara",Apartamento
335500.0,50,2.0,1.0,1.0,"Jardim Bandeirantes, Araraquara",Apartamento
150000.0,47,2.0,1.0,1.0,"Jardim Quitandinha, Araraquara",Apartamento
189000.0,68,2.0,1.0,1.0,"Altos do Jaraguá, Araraquara",Apartamento
220000.0,55,2.0,1.0,1.0,"Jardim Brasil (Vila Xavier), Araraquara",Apartamento
185000.0,48,2.0,1.0,1.0,"Jardim Botânico, Araraquara",Apartamento
450000.0,110,3.0,2.0,2.0,"Vila Harmonia, Araraquara",Casa
250000.0,40,1.0,2.0,2.0,"Jardim Adalberto Frederico de Oliveira Roxo I, Araraquara",comercial
350000.0,96,2.0,2.0,1.0,"Jardim Ana Adelaide, Araraquara",Casa
130000.0,58,2.0,1.0,1.0,"Jardim das Flores, Araraquara",Apartamento
180000.0,122,3.0,1.0,1.0,"Parque São Paulo (Vila Xavier), Araraquara",Casa
180000.0,44,2.0,1.0,1.0,"Jardim Primor, Araraquara",Apartamento
350000.0,61,2.0,2.0,1.0,"Jardim dos Manacás, Araraquara",Apartamento
97778.0,39,2.0,1.0,1.0,"Altos do Jaraguá, Araraquara",Apartamento
280000.0,52,2.0,1.0,1.0,"Vila Velosa, Araraquara",Apartamento
280000.0,63,2.0,1.0,1.0,"Jardim dos Manacás, Araraquara",Apartamento
180000.0,47,2.0,1.0,1.0,"Jardim Residencial Paraíso, Araraquara",Apartamento
160000.0,53,2.0,1.0,1.0,"Jardim Residencial Paraíso, Araraquara",Apartamento
280000.0,106,2.0,2.0,3.0,"Jardim Nova Araraquara, Araraquara",comercial
240000.0,47,1.0,1.0,1.0,"Centro, Araraquara",Apartamento
150000.0,44,2.0,1.0,1.0,"Jardim Primor, Araraquara",Apartamento
250000.0,78,2.0,2.0,1.0,"Jardim Higienópolis, Araraquara",Apartamento
499000.0,193,4.0,4.0,3.0,"Jardim Primor, Araraquara",Casa
398000.0,182,2.0,1.0,4.0,"Parque Laranjeiras, Araraquara",comercial
260000.0,50,2.0,1.0,1.0,"Jardim Residencial Paraíso, Araraquara",Apartamento
550000.0,183,3.0,3.0,4.0,"Centro, Araraquara",Casa
360000.0,228,3.0,1.0,3.0,"Jardim Eliana, Araraquara",comercial
140000.0,44,2.0,1.0,1.0,"Jardim Residencial Paraíso, Araraquara",Apartamento
149000.0,52,2.0,1.0,1.0,"Jardim Residencial Paraíso, Araraquara",Apartamento
165000.0,53,2.0,1.0,1.0,"Solidariedade, Araraquara",Apartamento
250000.0,77,2.0,1.0,1.0,"Parque Gramado (Vila Xavier), Araraquara",Cobertura
430000.0,186,2.0,3.0,1.0,"Jardim Adalberto Frederico de Oliveira Roxo I, Araraquara",comercial
144900.0,47,2.0,1.0,1.0,"Jardim Residencial Paraíso, Araraquara",Apartamento
205000.0,47,2.0,1.0,1.0,"Jardim São Rafael I, Araraquara",Apartamento
450000.0,63,2.0,2.0,2.0,"Centro, Araraquara",Apartamento
695000.0,234,3.0,4.0,4.0,"Jardim Nova América, Araraquara",Casa
350000.0,101,1.0,2.0,3.0,"Residencial Santa Luzia, Araraquara",comercial
320000.0,151,2.0,2.0,1.0,"Vila Sedenho, Araraquara",comercial
180000.0,43,2.0,1.0,1.0,"Solidariedade, Araraquara",Apartamento
340000.0,62,2.0,3.0,1.0,"Jardim Bounganville, Araraquara",Apartamento
250000.0,93,2.0,1.0,1.0,"Vila Xavier (Vila Xavier), Araraquara",comercial
275000.0,52,2.0,1.0,1.0,"Jardim Botânico, Araraquara",Apartamento
165000.0,44,2.0,1.0,1.0,"Campos Ville, Araraquara",Apartamento
160000.0,45,2.0,1.0,1.0,"Jardim América (Vila Xavier), Araraquara",Apartamento
165000.0,46,2.0,1.0,1.0,"Jardim América (Vila Xavier), Araraquara",Apartamento
480000.0,220,3.0,1.0,3.0,"Jardim Europa (Vila Xavier), Araraquara",Casa
290000.0,156,1.0,2.0,2.0,"Centro, Araraquara",comercial
133000.0,89,2.0,1.0,1.0,"Jardim Universal, Araraquara",Apartamento
120000.0,55,2.0,1.0,1.0,"Parque Residencial Iguatemi, Araraquara",Apartamento
100000.0,39,2.0,1.0,1.0,"Parque Residencial Iguatemi, Araraquara",Apartamento
190000.0,43,2.0,1.0,1.0,"Jardim Brasil (Vila Xavier), Araraquara",Apartamento
150000.0,43,2.0,1.0,1.0,"Campos Ville, Araraquara",Apartamento
130000.0,63,2.0,1.0,1.0,"Vila Harmonia, Araraquara",Apartamento
180000.0,49,2.0,1.0,1.0,"Jardim Universal, Araraquara",Apartamento
130000.0,63,2.0,1.0,1.0,"Vila Harmonia, Araraquara",Apartamento
180000.0,49,2.0,1.0,1.0,"Jardim Universal, Araraquara",Apartamento
165000.0,46,2.0,1.0,1.0,"Jardim das Flores, Araraquara",Apartamento
265000.0,43,3.0,2.0,1.0,"Vila Melhado, Araraquara",Apartamento
477000.0,102,2.0,2.0,1.0,"Vila Harmonia, Araraquara",comercial
90747.0,43,2.0,1.0,1.0,"Jardim Residencial Paraíso, Araraquara",Apartamento
128000.0,39,2.0,1.0,1.0,"Jardim América (Vila Xavier), Araraquara",Apartamento
300000.0,141,2.0,1.0,2.0,"Jardim Santa Clara (Vila Xavier), Araraquara",Casa
120000.0,45,2.0,1.0,1.0,"Jardim Residencial Paraíso, Araraquara",Apartamento
200000.0,55,2.0,1.0,1.0,"Jardim Santa Clara (Vila Xavier), Araraquara",Apartamento
520000.0,166,3.0,2.0,1.0,"Jardim Floridiana (Vila Xavier), Araraquara",Casa
390000.0,218,2.0,3.0,2.0,"Jardim Altos do Cecap I e II, Araraquara",comercial
165000.0,39,2.0,1.0,1.0,"Parque Residencial Iguatemi, Araraquara",Apartamento
170000.0,51,2.0,1.0,1.0,"Jardim das Flores, Araraquara",Apartamento
155000.0,49,2.0,1.0,1.0,"Jardim Residencial Elvio Lupo, Araraquara",Apartamento
300000.0,146,2.0,1.0,2.0,"Vila Progresso, Araraquara",Casa
690000.0,155,3.0,2.0,3.0,"Centro, Araraquara",Casa
899000.0,140,3.0,4.0,3.0,"Jardim Morumbi, Araraquara",Apartamento
165000.0,50,2.0,1.0,1.0,"Jardim Primor, Araraquara",Apartamento
120000.0,54,2.0,1.0,1.0,"Jardim Residencial Paraíso, Araraquara",Apartamento
160000.0,53,2.0,1.0,1.0,"Jardim Quitandinha, Araraquara",Apartamento
149000.0,50,2.0,1.0,1.0,"Jardim América (Vila Xavier), Araraquara",Apartamento
250000.0,67,2.0,2.0,1.0,"Jardim Santa Júlia III, Araraquara",Casa
550000.0,139,2.0,2.0,2.0,"Parque Igaçaba, Araraquara",comercial
220000.0,41,2.0,1.0,2.0,"Jardim Roberto Selmi Dei, Araraquara",Casa
320000.0,107,2.0,1.0,2.0,"Jardim Domingos Sávio, Araraquara",comercial
380000.0,184,3.0,2.0,1.0,"Jardim Imperial, Araraquara",comercial
320000.0,65,1.0,2.0,3.0,"Residencial Monte Carlo, Araraquara",comercial
104000.0,48,2.0,1.0,1.0,"Jardim Panorama, Araraquara",Apartamento
230000.0,105,1.0,2.0,1.0,"Parque Laranjeiras, Araraquara",comercial
250000.0,43,2.0,1.0,1.0,"Jardim Residencial Paraíso, Araraquara",Apartamento
150000.0,43,2.0,1.0,1.0,"Jardim Residencial Paraíso, Araraquara",Apartamento
210000.0,87,2.0,1.0,1.0,"Jardim Residencial Paraíso, Araraquara",Apartamento
380000.0,179,2.0,1.0,2.0,"Vila Tito de Carvalho (Vila Xavier), Araraquara",Casa
320000.0,60,2.0,1.0,2.0,"Residencial Alamedas II, Araraquara",Casa
320000.0,60,2.0,1.0,2.0,"Residencial Alamedas II, Araraquara",Casa
425000.0,137,3.0,1.0,2.0,"Centro, Araraquara",comercial
165000.0,43,2.0,1.0,1.0,"Solidariedade, Araraquara",Apartamento
180000.0,45,2.0,1.0,1.0,"Parque Atlanta, Araraquara",Apartamento
300000.0,160,2.0,1.0,1.0,"Parque Residencial Iguatemi, Araraquara",comercial
340000.0,64,2.0,1.0,1.0,"Residencial Cambuy, Araraquara",Apartamento
250000.0,240,1.0,1.0,2.0,"Jardim Quitandinha, Araraquara",comercial
550000.0,266,3.0,4.0,4.0,"Jardim do Carmo, Araraquara",comercial
350000.0,51,2.0,1.0,1.0,"Jardim Margarida, Araraquara",Apartamento
155000.0,44,2.0,1.0,1.0,"Jardim Califórnia, Araraquara",Apartamento
250000.0,60,2.0,1.0,1.0,"Jardim Roberto Selmi Dei, Araraquara",Casa
198000.0,47,2.0,1.0,1.0,"Campos Ville, Araraquara",Apartamento
390000.0,182,2.0,3.0,3.0,"Jardim Residencial Elvio Lupo, Araraquara",Casa
180000.0,49,2.0,1.0,1.0,"Jardim Primor, Araraquara",Apartamento
170000.0,51,2.0,1.0,1.0,"Jardim Residencial Elvio Lupo, Araraquara",Apartamento
160000.0,49,2.0,1.0,1.0,"Jardim Universal, Araraquara",Apartamento
320000.0,63,2.0,2.0,1.0,"Centro, Araraquara",Apartamento
120000.0,39,2.0,1.0,1.0,"Jardim Universal, Araraquara",Apartamento
160000.0,46,2.0,1.0,1.0,"Jardim das Flores, Araraquara",Apartamento
255000.0,150,2.0,1.0,2.0,"Jardim São Rafael II, Araraquara",Casa
318000.0,152,3.0,1.0,2.0,"Centro, Araraquara",comercial
1100000.0,448,4.0,5.0,3.0,"Centro, Araraquara",Conjunto
630000.0,129,3.0,2.0,2.0,"Residencial Ravena, Araraquara",Casa
370000.0,109,3.0,1.0,1.0,"Centro, Araraquara",Casa
350000.0,63,2.0,2.0,1.0,"Vila Ferroviária, Araraquara",Apartamento
340000.0,62,2.0,2.0,1.0,"Jardim Magnólias, Araraquara",Apartamento
450000.0,178,2.0,1.0,2.0,"Centro, Araraquara",comercial
165000.0,46,2.0,1.0,1.0,"Jardim das Flores, Araraquara",Apartamento
300000.0,65,2.0,1.0,1.0,"Vila Ferroviária, Araraquara",Apartamento
150000.0,55,2.0,1.0,1.0,"Jardim Residencial Paraíso, Araraquara",Apartamento
590000.0,191,3.0,1.0,2.0,"Jardim do Bosque, Araraquara",Casa
460000.0,57,2.0,2.0,1.0,"Jardim Nova Araraquara, Araraquara",Apartamento
140000.0,50,2.0,1.0,1.0,"Jardim Residencial Paraíso, Araraquara",Apartamento
280000.0,70,2.0,1.0,1.0,"Centro, Araraquara",Apartamento
175000.0,43,2.0,1.0,1.0,"Jardim Residencial Paraíso, Araraquara",Apartamento
195000.0,49,2.0,1.0,1.0,"Jardim América (Vila Xavier), Araraquara",Apartamento
750000.0,156,3.0,2.0,3.0,"Centro, Araraquara",Casa
320000.0,78,2.0,3.0,1.0,"Vila Furlan, Araraquara",Apartamento
145000.0,43,2.0,1.0,1.0,"Jardim Residencial Paraíso, Araraquara",Apartamento
348000.0,56,2.0,2.0,1.0,"Residencial Cambuy, Araraquara",Apartamento
320000.0,49,2.0,1.0,1.0,"Vila Harmonia, Araraquara",Apartamento
132000.0,55,2.0,1.0,1.0,"Parque Residencial Iguatemi, Araraquara",Apartamento
130000.0,42,2.0,1.0,1.0,"Jardim América (Vila Xavier), Araraquara",Apartamento
150000.0,55,2.0,1.0,1.0,"Jardim Quitandinha, Araraquara",Apartamento
495000.0,198,1.0,2.0,4.0,"Parque Laranjeiras, Araraquara",comercial
160000.0,53,2.0,1.0,1.0,"Jardim Residencial Paraíso, Araraquara",Apartamento
500000.0,161,3.0,2.0,2.0,"Jardim São Jorge, Araraquara",Casa
370000.0,156,3.0,1.0,1.0,"Vila Santa Maria (Vila Xavier), Araraquara",comercial
154850.0,39,2.0,1.0,1.0,"Jardim América (Vila Xavier), Araraquara",Apartamento
295000.0,50,2.0,1.0,1.0,"Vila Suconasa, Araraquara",Apartamento
500000.0,64,2.0,2.0,1.0,"Centro, Araraquara",Apartamento
180000.0,49,2.0,1.0,1.0,"Jardim Residencial Elvio Lupo, Araraquara",Apartamento
160000.0,47,2.0,1.0,1.0,"Jardim Europa (Vila Xavier), Araraquara",Apartamento
180000.0,56,2.0,1.0,1.0,"Jardim América (Vila Xavier), Araraquara",Apartamento
165000.0,45,2.0,1.0,1.0,"Jardim Primor, Araraquara",Apartamento
165000.0,45,2.0,1.0,1.0,"Jardim Primor, Araraquara",Apartamento
340000.0,72,2.0,2.0,1.0,"Jardim Magnólias, Araraquara",Apartamento
550000.0,204,3.0,1.0,2.0,"Centro, Araraquara",Casa
550000.0,184,3.0,1.0,4.0,"Jardim Nova América, Araraquara",comercial
127000.0,40,2.0,1.0,1.0,"Parque Residencial Iguatemi, Araraquara",Apartamento
500000.0,104,1.0,1.0,1.0,"Jardim Santa Marta, Araraquara",Chácara
155000.0,43,2.0,1.0,1.0,"Jardim Residencial Paraíso, Araraquara",Apartamento
160000.0,44,2.0,1.0,1.0,"Campos Ville, Araraquara",Apartamento
200000.0,62,2.0,1.0,1.0,"Jardim Universal, Araraquara",Apartamento
100000.0,45,2.0,1.0,1.0,"Vila Xavier (Vila Xavier), Araraquara",Apartamento
490000.0,228,3.0,3.0,2.0,"Vila Vieira (Vila Xavier), Araraquara",Casa
140000.0,61,1.0,1.0,1.0,"Vila Sedenho, Araraquara",Apartamento
470000.0,165,3.0,2.0,1.0,"Vila Aracoara, Araraquara",Casa
170000.0,44,2.0,1.0,1.0,"Jardim São Rafael II, Araraquara",Apartamento
150000.0,44,2.0,1.0,1.0,"Jardim Primor, Araraquara",Apartamento
190000.0,43,2.0,1.0,1.0,"Jardim Residencial Paraíso, Araraquara",Apartamento
480000.0,87,2.0,1.0,2.0,"Jardim Marialice, Araraquara",condomínio
615000.0,67,2.0,2.0,1.0,"Jardim do Carmo, Araraquara",Apartamento
510000.0,265,3.0,2.0,4.0,"Jardim Silvânia (Vila Xavier), Araraquara",Casa
160000.0,49,2.0,1.0,1.0,"Jardim Residencial Elvio Lupo, Araraquara",Apartamento
700000.0,172,3.0,1.0,2.0,"Vila Harmonia, Araraquara",comercial
320000.0,172,4.0,1.0,3.0,"Jardim Roberto Selmi Dei, Araraquara",Casa
700000.0,172,3.0,1.0,2.0,"Vila Harmonia, Araraquara",comercial
320000.0,172,4.0,1.0,3.0,"Jardim Roberto Selmi Dei, Araraquara",Casa
360000.0,50,2.0,1.0,1.0,"Jardim Bandeirantes, Araraquara",Apartamento
170000.0,55,2.0,1.0,1.0,"Jardim América (Vila Xavier), Araraquara",Apartamento
165000.0,44,2.0,1.0,1.0,"Jardim Califórnia, Araraquara",Apartamento
750000.0,255,3.0,4.0,1.0,"Jardim Primavera, Araraquara",Casa
400000.0,133,3.0,1.0,1.0,"Centro, Araraquara",comercial
197250.0,39,2.0,1.0,1.0,"Jardim América (Vila Xavier), Araraquara",Apartamento
340000.0,300,2.0,3.0,2.0,"Parque São Paulo (Vila Xavier), Araraquara",comercial
360000.0,239,3.0,1.0,1.0,"Jardim Roberto Selmi Dei, Araraquara",comercial
260000.0,100,3.0,1.0,1.0,"Doutor Tancredo de Almeida Neves, Araraquara",Casa
290000.0,57,2.0,1.0,1.0,"Jardim Residencial Paraíso, Araraquara",Apartamento
450000.0,58,2.0,2.0,1.0,"Jardim Nova Araraquara, Araraquara",Apartamento
1199210.0,163,3.0,4.0,4.0,"Parque Residencial Damha, Araraquara",condomínio
160000.0,106,2.0,1.0,1.0,"Parque São Paulo (Vila Xavier), Araraquara",Casa
700000.0,239,4.0,3.0,2.0,"Vila Sedenho, Araraquara",comercial
320000.0,62,2.0,2.0,2.0,"Jardim Bounganville, Araraquara",Apartamento
190000.0,39,2.0,1.0,1.0,"Altos do Jaraguá, Araraquara",Apartamento
265000.0,53,2.0,1.0,1.0,"Jardim Europa (Vila Xavier), Araraquara",Apartamento
250000.0,53,2.0,1.0,1.0,"Vila Melhado, Araraquara",Apartamento
170000.0,43,2.0,1.0,1.0,"Solidariedade, Araraquara",Apartamento
175000.0,43,2.0,1.0,1.0,"Jardim Residencial Paraíso, Araraquara",Apartamento
203000.0,45,2.0,1.0,1.0,"Jardim Indaiá, Araraquara",Apartamento
120000.0,46,2.0,1.0,1.0,"Jardim Universal, Araraquara",Apartamento
560000.0,186,2.0,3.0,2.0,"Jardim Adalberto Frederico de Oliveira Roxo I, Araraquara",inteiro
164000.0,51,2.0,1.0,1.0,"Jardim das Flores, Araraquara",Apartamento
320000.0,52,2.0,1.0,1.0,"Jardim Magnólias, Araraquara",Apartamento
160000.0,49,2.0,1.0,1.0,"Jardim Universal, Araraquara",Apartamento
150000.0,45,2.0,1.0,1.0,"Jardim América (Vila Xavier), Araraquara",Apartamento
171000.0,49,2.0,1.0,1.0,"Jardim América (Vila Xavier), Araraquara",Apartamento
145000.0,44,2.0,1.0,1.0,"Jardim Califórnia, Araraquara",Apartamento
185000.0,47,2.0,1.0,1.0,"Centro, Araraquara",Apartamento
360000.0,123,1.0,2.0,2.0,"Residencial Santa Luzia, Araraquara",comercial
250000.0,48,2.0,1.0,1.0,"Vila Harmonia, Araraquara",Apartamento
150000.0,43,2.0,1.0,1.0,"Jardim Residencial Paraíso, Araraquara",Apartamento
530000.0,85,3.0,1.0,1.0,"Vila Cidade Industrial (Vila Xavier), Araraquara",Apartamento
195000.0,49,2.0,1.0,1.0,"Jardim América (Vila Xavier), Araraquara",Apartamento
170000.0,52,2.0,1.0,1.0,"Jardim Brasília (Vila Xavier), Araraquara",Apartamento
165000.0,49,2.0,1.0,1.0,"Jardim Primor, Araraquara",Apartamento
150000.0,53,2.0,1.0,1.0,"Jardim Europa (Vila Xavier), Araraquara",Apartamento
180000.0,61,2.0,1.0,1.0,"Vila Esperança (Vila Xavier), Araraquara",Apartamento
450000.0,207,3.0,1.0,2.0,"Vila Xavier (Vila Xavier), Araraquara",Casa
239000.0,47,1.0,1.0,1.0,"Centro, Araraquara",Flat
640000.0,196,4.0,4.0,1.0,"Centro, Araraquara",Casa
140000.0,42,2.0,1.0,1.0,"Jardim das Flores, Araraquara",Apartamento
320000.0,139,3.0,1.0,3.0,"Jardim Brasil (Vila Xavier), Araraquara",Casa
250000.0,60,2.0,1.0,1.0,"Residencial Cambuy, Araraquara",Apartamento
150000.0,43,2.0,1.0,1.0,"Jardim Residencial Paraíso, Araraquara",Apartamento
341000.0,176,2.0,1.0,3.0,"Chácara Flora Araraquara, Araraquara",Chácara
250000.0,47,2.0,1.0,1.0,"Vila Suconasa, Araraquara",Apartamento
370000.0,150,2.0,1.0,3.0,"Jardim Boa Vista, Araraquara",Casa
155000.0,43,2.0,1.0,1.0,"Solidariedade, Araraquara",Apartamento
270000.0,94,2.0,1.0,2.0,"Parque Igaçaba, Araraquara",Casa
380000.0,98,2.0,2.0,2.0,"Jardim Altos do Cecap I e II, Araraquara",Casa
180000.0,51,2.0,1.0,1.0,"Jardim das Flores, Araraquara",Apartamento
135000.0,49,2.0,1.0,1.0,"Jardim Universal, Araraquara",Apartamento
350000.0,299,3.0,3.0,4.0,"Vila José Bonifácio, Araraquara",comercial
230000.0,98,2.0,1.0,2.0,"Jardim Adalberto Frederico de Oliveira Roxo I, Araraquara",Casa
190000.0,53,2.0,1.0,1.0,"Solidariedade, Araraquara",Apartamento
135000.0,44,2.0,1.0,1.0,"Jardim Califórnia, Araraquara",Apartamento
160000.0,49,2.0,1.0,1.0,"Jardim Primor, Araraquara",Apartamento
139000.0,105,1.0,1.0,2.0,"Jardim Esplanada, Araraquara",comercial
455000.0,159,3.0,1.0,2.0,"Vila Vieira (Vila Xavier), Araraquara",Casa
420000.0,155,2.0,3.0,1.0,"Jardim das Estações (Vila Xavier), Araraquara",Casa
130000.0,43,2.0,1.0,1.0,"Solidariedade, Araraquara",Apartamento
300000.0,78,2.0,3.0,1.0,"Vila Furlan, Araraquara",Apartamento
320000.0,63,2.0,3.0,1.0,"Vila Furlan, Araraquara",Apartamento
185000.0,55,2.0,1.0,1.0,"Doutor Tancredo de Almeida Neves, Araraquara",Apartamento
150000.0,94,2.0,1.0,1.0,"Jardim Brasília (Vila Xavier), Araraquara",Apartamento
175000.0,43,2.0,1.0,1.0,"Jardim Residencial Paraíso, Araraquara",Apartamento
160000.0,56,2.0,1.0,1.0,"Jardim Quitandinha II, Araraquara",Apartamento
165000.0,43,2.0,1.0,1.0,"Jardim Residencial Paraíso, Araraquara",Apartamento
335110.0,64,2.0,1.0,1.0,"Residencial Cambuy, Araraquara",Apartamento
155000.0,47,2.0,1.0,1.0,"Jardim Residencial Paraíso, Araraquara",Apartamento
155000.0,47,2.0,1.0,1.0,"Jardim Residencial Paraíso, Araraquara",Apartamento
148000.0,39,2.0,1.0,1.0,"Jardim Universal, Araraquara",Apartamento
159000.0,43,2.0,1.0,1.0,"Campos Ville, Araraquara",Apartamento
440000.0,230,5.0,3.0,2.0,"Jardim Santa Angelina, Araraquara",comercial
180000.0,67,2.0,2.0,1.0,"Jardim Higienópolis, Araraquara",Apartamento
150000.0,72,2.0,1.0,1.0,"Parque Laranjeiras, Araraquara",Apartamento
480000.0,190,5.0,4.0,1.0,"Centro, Araraquara",comercial
470000.0,175,3.0,2.0,2.0,"Jardim Floridiana (Vila Xavier), Araraquara",Casa
450000.0,241,3.0,2.0,2.0,"Jardim Residencial Itália, Araraquara",Casa
289720.0,52,2.0,1.0,1.0,"Jardim Magnólias, Araraquara",Apartamento
200000.0,39,2.0,1.0,1.0,"Jardim América (Vila Xavier), Araraquara",Apartamento
135000.0,33,1.0,1.0,1.0,"Centro, Araraquara",Apartamento
340000.0,172,2.0,1.0,2.0,"Jardim Uirapuru, Araraquara",Casa
190000.0,89,2.0,1.0,1.0,"Jardim Residencial Paraíso, Araraquara",Apartamento
180000.0,49,2.0,1.0,1.0,"Jardim Primor, Araraquara",Apartamento
199000.0,50,2.0,1.0,1.0,"Jardim Brasil (Vila Xavier), Araraquara",Apartamento
185000.0,57,2.0,1.0,1.0,"Jardim Residencial Paraíso, Araraquara",Apartamento
480000.0,59,2.0,2.0,1.0,"Centro, Araraquara",Apartamento
450000.0,63,2.0,2.0,1.0,"Centro, Araraquara",Apartamento
300000.0,99,2.0,2.0,1.0,"Vila Biagioni (Vila Xavier), Araraquara",Casa
280000.0,51,2.0,1.0,1.0,"Residencial Cambuy, Araraquara",Apartamento
215000.0,55,2.0,1.0,1.0,"Jardim Botânico, Araraquara",Apartamento
148500.0,43,2.0,1.0,1.0,"Solidariedade, Araraquara",Apartamento
175000.0,44,2.0,1.0,1.0,"Jardim Residencial Paraíso, Araraquara",Apartamento
169000.0,43,2.0,1.0,1.0,"Jardim Brasil (Vila Xavier), Araraquara",Apartamento
255000.0,50,2.0,1.0,1.0,"Vila Harmonia, Araraquara",Apartamento
150000.0,49,2.0,1.0,1.0,"Jardim Califórnia, Araraquara",Apartamento
165000.0,62,2.0,1.0,1.0,"Jardim Quitandinha, Araraquara",Apartamento
150000.0,46,2.0,1.0,1.0,"Vila Cidade Industrial (Vila Xavier), Araraquara",Apartamento
150000.0,39,2.0,1.0,1.0,"Parque Residencial Iguatemi, Araraquara",Apartamento
190000.0,43,2.0,1.0,1.0,"Jardim Brasil (Vila Xavier), Araraquara",Apartamento
190000.0,44,2.0,1.0,1.0,"Jardim Primor, Araraquara",Apartamento
150000.0,43,2.0,1.0,1.0,"Jardim Residencial Paraíso, Araraquara",Apartamento
180000.0,49,2.0,1.0,1.0,"Jardim Primor, Araraquara",Apartamento
340000.0,78,2.0,2.0,1.0,"Vila Xavier (Vila Xavier), Araraquara",Apartamento
200000.0,47,2.0,1.0,1.0,"Jardim Residencial Paraíso, Araraquara",Apartamento
250000.0,56,2.0,1.0,1.0,"Jardim Botânico, Araraquara",Apartamento
150000.0,41,2.0,1.0,1.0,"Jardim Residencial Paraíso, Araraquara",Apartamento
135000.0,44,2.0,1.0,1.0,"Jardim Primor, Araraquara",Apartamento
341000.0,70,2.0,1.0,3.0,"Parque Laranjeiras, Araraquara",Casa
150000.0,49,2.0,1.0,1.0,"Jardim Primor, Araraquara",Apartamento
220000.0,43,2.0,1.0,1.0,"Jardim Residencial Paraíso, Araraquara",Apartamento
160000.0,43,2.0,1.0,1.0,"Jardim Residencial Paraíso, Araraquara",Apartamento
385000.0,62,2.0,2.0,1.0,"Jardim Magnólias, Araraquara",Apartamento
318000.0,51,2.0,1.0,1.0,"Estrela e Kanashiro, Araraquara",Apartamento
130000.0,49,2.0,1.0,1.0,"Doutor Tancredo de Almeida Neves, Araraquara",Apartamento
600000.0,220,2.0,1.0,2.0,"Jardim Ártico, Araraquara",comercial
180000.0,46,2.0,1.0,1.0,"Vila Esperança (Vila Xavier), Araraquara",Apartamento
180000.0,44,2.0,1.0,1.0,"Jardim Adalgisa, Araraquara",Apartamento
300000.0,60,2.0,1.0,1.0,"Jardim dos Manacás, Araraquara",Apartamento
470000.0,162,3.0,1.0,2.0,"Vila Tito de Carvalho (Vila Xavier), Araraquara",Casa
192000.0,49,2.0,1.0,1.0,"Jardim Califórnia, Araraquara",Apartamento
420000.0,204,3.0,1.0,3.0,"Vila Nossa Senhora do Carmo, Araraquara",comercial
425000.0,151,3.0,1.0,3.0,"Jardim Santa Rita de Cássia, Araraquara",Casa
180000.0,43,2.0,1.0,1.0,"Jardim Residencial Paraíso, Araraquara",Apartamento
180000.0,43,2.0,1.0,1.0,"Campos Ville, Araraquara",Apartamento
310000.0,48,2.0,1.0,1.0,"Jardim Marivan, Araraquara",Apartamento
335500.0,44,2.0,1.0,1.0,"Jardim Bandeirantes, Araraquara",Apartamento
114839.0,43,2.0,1.0,1.0,"Jardim Residencial Paraíso, Araraquara",Apartamento
320000.0,61,2.0,1.0,1.0,"Jardim dos Manacás, Araraquara",Apartamento
550000.0,164,3.0,1.0,2.0,"Jardim Morada do Sol (Vila Xavier), Araraquara",Casa
140000.0,51,2.0,1.0,1.0,"Vila Cidade Industrial (Vila Xavier), Araraquara",Apartamento
740000.0,425,5.0,4.0,4.0,"Vila Sedenho, Araraquara",comercial
190000.0,44,2.0,1.0,1.0,"Solidariedade, Araraquara",Apartamento
155000.0,49,2.0,1.0,1.0,"Jardim América (Vila Xavier), Araraquara",Apartamento
175000.0,64,2.0,1.0,1.0,"Jardim Quitandinha, Araraquara",Apartamento
450000.0,122,1.0,3.0,2.0,"Jardim Pinheiros (Vila Xavier), Araraquara",comercial
180000.0,39,2.0,1.0,1.0,"Jardim Brasília (Vila Xavier), Araraquara",Apartamento
405000.0,72,2.0,1.0,1.0,"Jardim Magnólias, Araraquara",Apartamento
350000.0,78,2.0,1.0,3.0,"Vila Xavier (Vila Xavier), Araraquara",comercial
180000.0,43,2.0,1.0,1.0,"Jardim Residencial Paraíso, Araraquara",Apartamento
150000.0,44,2.0,1.0,1.0,"Jardim Primor, Araraquara",Apartamento
325000.0,49,2.0,1.0,1.0,"Vila Ferroviária, Araraquara",Apartamento
300000.0,135,2.0,1.0,3.0,"Jardim Roberto Selmi Dei, Araraquara",Casa
425532.0,124,2.0,2.0,1.0,"Residencial Alamedas, Araraquara",comercial
210000.0,43,2.0,1.0,1.0,"Jardim Residencial Paraíso, Araraquara",Apartamento
230000.0,310,3.0,1.0,2.0,"Jardim Domingos Sávio, Araraquara",Casa
799500.0,198,3.0,4.0,2.0,"Vila Melhado, Araraquara",Casa
200000.0,43,2.0,1.0,1.0,"Jardim Brasil (Vila Xavier), Araraquara",Apartamento
320000.0,134,2.0,1.0,3.0,"Centro, Araraquara",comercial
180000.0,43,2.0,1.0,1.0,"Jardim Residencial Paraíso, Araraquara",Apartamento
195000.0,49,2.0,1.0,1.0,"Jardim Tamoio, Araraquara",Apartamento
230000.0,43,2.0,1.0,1.0,"Jardim Residencial Paraíso, Araraquara",Apartamento
350000.0,50,2.0,2.0,1.0,"Jardim Margarida, Araraquara",Apartamento
160000.0,39,2.0,1.0,1.0,"Jardim Brasília (Vila Xavier), Araraquara",Apartamento
550000.0,245,4.0,3.0,1.0,"Centro, Araraquara",Casa
550000.0,245,4.0,3.0,1.0,"Centro, Araraquara",Casa
420000.0,147,2.0,1.0,2.0,"Vila Furlan, Araraquara",comercial
200000.0,39,2.0,1.0,1.0,"Jardim Brasília (Vila Xavier), Araraquara",Apartamento
190000.0,43,2.0,1.0,1.0,"Solidariedade, Araraquara",Apartamento
450000.0,146,1.0,1.0,2.0,"Vila Yamada, Araraquara",Apartamento
190000.0,45,2.0,1.0,1.0,"Jardim Universal, Araraquara",Apartamento
290000.0,50,2.0,1.0,1.0,"Vila Harmonia, Araraquara",Apartamento
185000.0,46,2.0,1.0,1.0,"Jardim das Flores, Araraquara",Apartamento
150000.0,57,2.0,1.0,1.0,"Jardim Residencial Paraíso, Araraquara",Apartamento
350000.0,126,3.0,2.0,2.0,"Centro, Araraquara",Apartamento
179000.0,43,2.0,1.0,1.0,"Campos Ville, Araraquara",Apartamento
496303.0,68,2.0,1.0,2.0,"Centro, Araraquara",Apartamento
180000.0,49,2.0,1.0,1.0,"Jardim América (Vila Xavier), Araraquara",Apartamento
155000.0,47,2.0,1.0,1.0,"Jardim Residencial Paraíso, Araraquara",Apartamento
550000.0,241,3.0,1.0,3.0,"Jardim Eliana, Araraquara",comercial
350000.0,101,1.0,2.0,2.0,"Residencial Santa Luzia, Araraquara",comercial
400000.0,286,3.0,1.0,3.0,"Jardim Vitória, Araraquara",Casa
150000.0,43,2.0,1.0,1.0,"Solidariedade, Araraquara",Apartamento
150000.0,47,2.0,1.0,1.0,"Jardim dos Oitis, Araraquara",Apartamento
330000.0,47,2.0,1.0,1.0,"Centro, Araraquara",Apartamento
250000.0,133,2.0,1.0,1.0,"Jardim do Carmo, Araraquara",Casa
179000.0,43,2.0,1.0,1.0,"Campos Ville, Araraquara",Apartamento
180000.0,43,2.0,1.0,1.0,"Jardim Residencial Paraíso, Araraquara",Apartamento
159900.0,43,2.0,1.0,1.0,"Jardim Residencial Paraíso, Araraquara",Apartamento
255000.0,46,2.0,1.0,1.0,"Vila Melhado, Araraquara",Apartamento
250000.0,66,2.0,1.0,1.0,"Vila Santana, Araraquara",Apartamento
240000.0,65,2.0,1.0,1.0,"Jardim Califórnia, Araraquara",Apartamento
150000.0,43,2.0,1.0,1.0,"Campos Ville, Araraquara",Apartamento
220000.0,55,2.0,1.0,1.0,"Vila Xavier (Vila Xavier), Araraquara",Apartamento
220000.0,47,2.0,1.0,1.0,"Jardim São Rafael I, Araraquara",Apartamento
400000.0,305,2.0,1.0,3.0,"Parque Residencial Vale do Sol, Araraquara",comercial
280000.0,62,2.0,1.0,1.0,"Jardim dos Manacás, Araraquara",Apartamento
280000.0,51,2.0,1.0,1.0,"Residencial Cambuy, Araraquara",Apartamento
320000.0,51,2.0,1.0,1.0,"Vila Suconasa, Araraquara",Apartamento
256000.0,50,2.0,1.0,1.0,"Jardim Bandeirantes, Araraquara",Apartamento
170000.0,49,2.0,1.0,1.0,"Jardim Universal, Araraquara",Apartamento
280000.0,36,1.0,1.0,1.0,"Centro, Araraquara",Imóvel
520000.0,166,3.0,1.0,2.0,"Jardim Floridiana (Vila Xavier), Araraquara",comercial
155000.0,49,2.0,1.0,1.0,"Doutor Tancredo de Almeida Neves, Araraquara",Apartamento
150000.0,45,2.0,1.0,1.0,"Vila Nossa Senhora Aparecida, Araraquara",Apartamento
550000.0,152,2.0,2.0,1.0,"Vila José Bonifácio, Araraquara",Casa
135000.0,39,2.0,1.0,1.0,"Jardim Quitandinha II, Araraquara",Apartamento
245000.0,94,2.0,1.0,1.0,"Jardim Nova América, Araraquara",Casa
380000.0,173,3.0,1.0,2.0,"Jardim Panorama, Araraquara",Casa
70000.0,200,1.0,1.0,1.0,"Jardim Tamoio, Araraquara",comercial
610000.0,236,3.0,3.0,3.0,"Vila Xavier (Vila Xavier), Araraquara",comercial
215000.0,49,2.0,1.0,1.0,"Jardim Botânico, Araraquara",Apartamento
650000.0,258,3.0,4.0,4.0,"Vila DER, Araraquara",Casa
350000.0,154,2.0,1.0,1.0,"Centro, Araraquara",comercial
128000.0,40,2.0,1.0,1.0,"Vila Esperança (Vila Xavier), Araraquara",Apartamento
135000.0,39,2.0,1.0,1.0,"Jardim Universal, Araraquara",Apartamento
300000.0,101,2.0,2.0,1.0,"Doutor Tancredo de Almeida Neves, Araraquara",Casa
198000.0,50,1.0,1.0,1.0,"Jardim Quitandinha, Araraquara",Apartamento
220000.0,43,2.0,1.0,1.0,"Jardim Residencial Paraíso, Araraquara",Apartamento
143000.0,46,2.0,1.0,1.0,"Jardim Universal, Araraquara",Apartamento
150000.0,43,2.0,1.0,1.0,"Jardim Residencial Paraíso, Araraquara",Apartamento
200000.0,43,2.0,1.0,1.0,"Campos Ville, Araraquara",Apartamento
150000.0,49,2.0,1.0,1.0,"Jardim Residencial Elvio Lupo, Araraquara",Apartamento
250000.0,50,2.0,1.0,1.0,"Estrela e Kanashiro, Araraquara",Apartamento
270000.0,55,2.0,1.0,1.0,"Estrela e Kanashiro, Araraquara",Apartamento
780000.0,168,3.0,5.0,2.0,"Jardim Ártico, Araraquara",Apartamento
580000.0,209,3.0,1.0,2.0,"Vila Xavier (Vila Xavier), Araraquara",Casa
480000.0,139,2.0,1.0,1.0,"Campos Ville, Araraquara",Casa
267000.0,98,2.0,1.0,3.0,"Parque Residencial Vale do Sol, Araraquara",Casa
160000.0,43,2.0,1.0,1.0,"Solidariedade, Araraquara",Apartamento
470000.0,211,4.0,3.0,5.0,"Jardim Santa Lúcia, Araraquara",Casa
170000.0,39,2.0,1.0,1.0,"Jardim Quitandinha II, Araraquara",Apartamento
370000.0,62,2.0,2.0,2.0,"Jardim Magnólias, Araraquara",Apartamento
390000.0,174,2.0,1.0,2.0,"Jardim Padre Anchieta, Araraquara",Casa
470000.0,211,4.0,3.0,5.0,"Jardim Santa Lúcia, Araraquara",Casa
170000.0,39,2.0,1.0,1.0,"Jardim Quitandinha II, Araraquara",Apartamento
370000.0,62,2.0,2.0,2.0,"Jardim Magnólias, Araraquara",Apartamento
390000.0,174,2.0,1.0,2.0,"Jardim Padre Anchieta, Araraquara",Casa
890000.0,326,4.0,5.0,4.0,"Centro, Araraquara",comercial
198000.0,51,2.0,1.0,1.0,"Vila Xavier (Vila Xavier), Araraquara",Apartamento
255000.0,48,2.0,1.0,1.0,"Centro, Araraquara",Apartamento
330000.0,187,2.0,1.0,2.0,"Parque Residencial Vale do Sol, Araraquara",Casa
350000.0,102,1.0,1.0,6.0,"Vila José Bonifácio, Araraquara",comercial
360000.0,49,2.0,1.0,1.0,"Vila Ferroviária, Araraquara",Apartamento
180000.0,39,2.0,1.0,1.0,"Jardim Brasília (Vila Xavier), Araraquara",Apartamento
195000.0,53,2.0,1.0,1.0,"Jardim das Estações (Vila Xavier), Araraquara",Apartamento
150000.0,39,2.0,1.0,1.0,"Jardim Brasília (Vila Xavier), Araraquara",Apartamento
280000.0,100,2.0,1.0,3.0,"Jardim Maria Luiza, Araraquara",Casa
160000.0,39,2.0,1.0,1.0,"Jardim Brasília (Vila Xavier), Araraquara",Apartamento
230000.0,50,2.0,1.0,1.0,"Campos Ville, Araraquara",Apartamento
430000.0,57,2.0,2.0,2.0,"Centro, Araraquara",Apartamento
162356.0,39,2.0,1.0,1.0,"Altos do Jaraguá, Araraquara",Apartamento
300000.0,168,2.0,1.0,2.0,"Jardim Indaiá, Araraquara",Casa
550000.0,145,3.0,2.0,2.0,"Vila Velosa, Araraquara",Casa
515000.0,179,3.0,2.0,3.0,"Jardim Primavera, Araraquara",comercial
180000.0,55,2.0,1.0,1.0,"Jardim Primor, Araraquara",Apartamento
939490.0,140,3.0,5.0,2.0,"Jardim Morumbi, Araraquara",Apartamento
420000.0,191,3.0,2.0,2.0,"Jardim Morada do Sol (Vila Xavier), Araraquara",Casa
160000.0,46,2.0,1.0,1.0,"Vila Cidade Industrial (Vila Xavier), Araraquara",Apartamento
350000.0,65,2.0,2.0,1.0,"Centro, Araraquara",Apartamento
470000.0,12,4.0,3.0,2.0,"Centro, Araraquara",Cobertura
300000.0,97,2.0,1.0,1.0,"Jardim Adalberto Frederico de Oliveira Roxo I, Araraquara",Casa
760000.0,237,3.0,3.0,4.0,"Jardim Primor, Araraquara",comercial
129990.0,39,2.0,1.0,1.0,"Jardim Quitandinha II, Araraquara",Apartamento
570000.0,234,3.0,1.0,3.0,"Jardim Gardênias, Araraquara",Sobrado
470000.0,248,4.0,3.0,2.0,"Jardim Cruzeiro do Sul I e II, Araraquara",Casa
420000.0,189,3.0,1.0,2.0,"Vila Furlan, Araraquara",Casa
465000.0,72,3.0,1.0,1.0,"São Geraldo, Araraquara",Apartamento
200000.0,53,2.0,1.0,1.0,"Jardim Quitandinha, Araraquara",Apartamento
152000.0,45,2.0,1.0,1.0,"Parque Atlanta, Araraquara",Apartamento
430000.0,180,2.0,3.0,1.0,"Centro, Araraquara",Casa
350000.0,94,2.0,1.0,1.0,"Centro, Araraquara",Apartamento
920000.0,489,3.0,5.0,4.0,"Jardim Imperador, Araraquara",Conjunto
320000.0,52,2.0,1.0,1.0,"Vila Velosa, Araraquara",Apartamento
1070000.0,180,3.0,1.0,1.0,"Quinta do Salto Residence, Araraquara",condomínio
330000.0,122,2.0,1.0,2.0,"Jardim Brasil (Vila Xavier), Araraquara",Casa
730000.0,283,3.0,5.0,4.0,"Centro, Araraquara",comercial
850000.0,157,3.0,3.0,4.0,"Vila Harmonia, Araraquara",Casa
1200000.0,243,4.0,4.0,4.0,"Vila Harmonia, Araraquara",Casa
150000.0,44,2.0,1.0,1.0,"Jardim Residencial Elvio Lupo, Araraquara",Apartamento
150000.0,49,2.0,1.0,1.0,"Jardim Califórnia, Araraquara",Apartamento
160000.0,62,2.0,1.0,1.0,"Jardim Quitandinha, Araraquara",Apartamento
150000.0,44,2.0,1.0,2.0,"Jardim Residencial Paraíso, Araraquara",Apartamento
135000.0,39,2.0,1.0,1.0,"Jardim América (Vila Xavier), Araraquara",Apartamento
150000.0,41,1.0,1.0,1.0,"Vila Sedenho, Araraquara",Apartamento
140000.0,57,2.0,1.0,1.0,"Parque Laranjeiras, Araraquara",Apartamento
450000.0,142,2.0,1.0,1.0,"Centro, Araraquara",Casa
400000.0,184,3.0,1.0,3.0,"Parque Residencial Vale do Sol, Araraquara",Casa
152000.0,39,2.0,1.0,1.0,"Parque Residencial Iguatemi, Araraquara",Apartamento
700000.0,205,3.0,4.0,2.0,"Centro, Araraquara",Casa
170000.0,43,2.0,1.0,1.0,"Campos Ville, Araraquara",Apartamento
270000.0,78,3.0,3.0,1.0,"Vila Suconasa, Araraquara",Apartamento
450000.0,216,3.0,1.0,5.0,"Jardim Floridiana (Vila Xavier), Araraquara",comercial
112135.0,39,1.0,1.0,1.0,"Jardim América (Vila Xavier), Araraquara",Apartamento
500000.0,189,2.0,3.0,2.0,"Jardim Paulistano (Vila Xavier), Araraquara",Casa
200000.0,46,2.0,1.0,1.0,"Jardim das Flores, Araraquara",Apartamento
235000.0,47,1.0,1.0,1.0,"Centro, Araraquara",Apartamento
440000.0,179,3.0,1.0,1.0,"Vila DER, Araraquara",Casa
150000.0,39,2.0,1.0,1.0,"Parque Residencial Iguatemi, Araraquara",Apartamento
130000.0,61,1.0,1.0,1.0,"Vila Sedenho, Araraquara",Apartamento
500000.0,157,3.0,2.0,4.0,"Vila José Bonifácio, Araraquara",Casa
670000.0,136,3.0,2.0,4.0,"Campos Ville, Araraquara",condomínio
495000.0,218,3.0,2.0,2.0,"Jardim Floridiana (Vila Xavier), Araraquara",Casa
670000.0,136,3.0,2.0,4.0,"Campos Ville, Araraquara",condomínio
495000.0,218,3.0,2.0,2.0,"Jardim Floridiana (Vila Xavier), Araraquara",Casa
190000.0,49,2.0,1.0,1.0,"Altos do Jaraguá, Araraquara",Apartamento
844180.0,153,4.0,3.0,2.0,"Jardim Vale das Rosas, Araraquara",Sobrado
320000.0,52,2.0,1.0,1.0,"Jardim Botânico, Araraquara",Apartamento
470000.0,62,2.0,2.0,1.0,"Centro, Araraquara",Apartamento
335000.0,63,2.0,1.0,1.0,"Jardim dos Manacás, Araraquara",Apartamento
185000.0,42,2.0,1.0,1.0,"Jardim Tamoio, Araraquara",Apartamento
135000.0,39,2.0,1.0,1.0,"Parque Residencial Iguatemi, Araraquara",Apartamento
600000.0,141,2.0,3.0,2.0,"Vila Biagioni (Vila Xavier), Araraquara",comercial
129990.0,39,2.0,1.0,1.0,"Parque Residencial Iguatemi, Araraquara",Apartamento
162000.0,39,2.0,1.0,1.0,"Jardim América (Vila Xavier), Araraquara",Apartamento
380000.0,183,2.0,1.0,1.0,"Jardim do Carmo, Araraquara",Casa
280000.0,67,2.0,2.0,1.0,"Jardim São Rafael II, Araraquara",Apartamento
495000.0,229,3.0,2.0,8.0,"Jardim Nova América, Araraquara",Casa
275000.0,68,2.0,1.0,1.0,"Vila Bela Vista, Araraquara",Casa
160000.0,39,2.0,1.0,1.0,"Jardim Universal, Araraquara",Apartamento
267000.0,72,2.0,1.0,1.0,"Jardim Roberto Selmi Dei, Araraquara",Casa
550000.0,73,2.0,2.0,2.0,"Jardim Santa Lúcia, Araraquara",Apartamento
350000.0,109,2.0,1.0,2.0,"Doutor Tancredo de Almeida Neves, Araraquara",Casa
370000.0,180,3.0,1.0,7.0,"Jardim das Estações (Vila Xavier), Araraquara",Casa
180000.0,43,2.0,1.0,1.0,"Campos Ville, Araraquara",Apartamento
475000.0,256,2.0,1.0,1.0,"Parque Laranjeiras, Araraquara",comercial
420000.0,195,4.0,2.0,4.0,"Centro, Araraquara",comercial
400000.0,74,2.0,2.0,1.0,"Centro, Araraquara",Apartamento
430000.0,223,3.0,1.0,2.0,"Vila Yamada, Araraquara",Casa
390000.0,184,3.0,1.0,8.0,"Jardim do Carmo, Araraquara",comercial
260000.0,48,2.0,1.0,1.0,"Centro, Araraquara",Apartamento
490000.0,139,3.0,2.0,1.0,"Campos Ville, Araraquara",Casa
170000.0,39,2.0,1.0,1.0,"Jardim América (Vila Xavier), Araraquara",Apartamento
550000.0,72,2.0,1.0,1.0,"São Geraldo, Araraquara",Apartamento
150000.0,42,2.0,1.0,1.0,"Campos Ville, Araraquara",Apartamento
260000.0,44,2.0,1.0,1.0,"Jardim Botânico, Araraquara",Apartamento
500000.0,213,4.0,2.0,3.0,"Vila Tito de Carvalho (Vila Xavier), Araraquara",Casa
160000.0,49,2.0,1.0,1.0,"Solidariedade, Araraquara",Apartamento
450000.0,132,2.0,1.0,4.0,"Centro, Araraquara",Conjunto
145000.0,39,2.0,1.0,1.0,"Jardim América (Vila Xavier), Araraquara",Apartamento
320000.0,40,2.0,1.0,1.0,"Vila Furlan, Araraquara",Apartamento
1370000.0,158,3.0,3.0,2.0,"Parque Residencial Damha, Araraquara",condomínio
420000.0,232,2.0,2.0,1.0,"Jardim Mangiacapra, Araraquara",Casa
375000.0,58,2.0,1.0,1.0,"Jardim Botânico, Araraquara",Apartamento
390000.0,145,3.0,1.0,1.0,"Jardim Roberto Selmi Dei, Araraquara",Casa
180000.0,39,2.0,1.0,1.0,"Jardim América (Vila Xavier), Araraquara",Apartamento
160000.0,40,2.0,1.0,1.0,"Jardim Universal, Araraquara",Apartamento
155000.0,53,2.0,1.0,1.0,"Jardim Quitandinha, Araraquara",Apartamento
274800.0,50,2.0,1.0,1.0,"Jardim Bandeirantes, Araraquara",Apartamento
800000.0,172,3.0,4.0,2.0,"Vila Yamada, Araraquara",Apartamento
440000.0,59,2.0,2.0,1.0,"Centro, Araraquara",Apartamento
700000.0,60,2.0,1.0,2.0,"Centro, Araraquara",Apartamento
305000.0,50,2.0,1.0,1.0,"Residencial Cambuy, Araraquara",Apartamento
400000.0,59,2.0,1.0,1.0,"Centro, Araraquara",Apartamento
220000.0,43,1.0,1.0,1.0,"Centro, Araraquara",Apartamento
130000.0,41,1.0,1.0,1.0,"Vila Sedenho, Araraquara",Apartamento
650000.0,115,3.0,3.0,2.0,"Centro, Araraquara",Apartamento
270000.0,58,2.0,1.0,1.0,"Jardim Higienópolis, Araraquara",Casa
260000.0,50,2.0,1.0,1.0,"Jardim Bandeirantes, Araraquara",Apartamento
895000.0,245,3.0,3.0,10.0,"Jardim Morada do Sol (Vila Xavier), Araraquara",comercial
350000.0,97,2.0,1.0,1.0,"Jardim Águas do Paiol, Araraquara",Casa
550000.0,62,2.0,3.0,1.0,"Jardim Silvânia (Vila Xavier), Araraquara",Apartamento
250000.0,50,2.0,1.0,1.0,"Vila Harmonia, Araraquara",Apartamento
255000.0,78,2.0,1.0,2.0,"Vila Xavier (Vila Xavier), Araraquara",Apartamento
320000.0,56,2.0,1.0,1.0,"Vila Xavier (Vila Xavier), Araraquara",Apartamento
155000.0,39,2.0,1.0,1.0,"Jardim Universal, Araraquara",Apartamento
190000.0,40,2.0,1.0,1.0,"Solidariedade, Araraquara",Apartamento
400000.0,60,2.0,1.0,1.0,"Centro, Araraquara",Apartamento
1290000.0,179,3.0,3.0,4.0,"Parque Residencial Damha, Araraquara",condomínio
350000.0,125,2.0,1.0,2.0,"Vila Vieira (Vila Xavier), Araraquara",Casa
430000.0,58,2.0,2.0,1.0,"Vila Santana, Araraquara",Apartamento
650000.0,59,2.0,2.0,1.0,"Vila Yamada, Araraquara",Apartamento
400000.0,117,2.0,2.0,3.0,"Jardim Brasil (Vila Xavier), Araraquara",Casa
320000.0,78,2.0,3.0,1.0,"Vila Furlan, Araraquara",Apartamento
924160.0,242,3.0,4.0,2.0,"Jardim Marivan, Araraquara",condomínio
300000.0,52,2.0,1.0,1.0,"Jardim Botânico, Araraquara",Apartamento
300000.0,52,2.0,1.0,1.0,"Jardim Botânico, Araraquara",Apartamento
900000.0,180,3.0,5.0,2.0,"Centro, Araraquara",Apartamento
175000.0,39,2.0,1.0,1.0,"Jardim das Flores, Araraquara",Apartamento
550000.0,207,3.0,1.0,3.0,"Vila Esperança (Vila Xavier), Araraquara",Casa
480000.0,169,3.0,1.0,1.0,"Vila Nossa Senhora do Carmo, Araraquara",Casa
400000.0,185,2.0,2.0,3.0,"Vila Xavier (Vila Xavier), Araraquara",Casa
320000.0,39,2.0,1.0,1.0,"Jardim dos Manacás, Araraquara",Apartamento
175000.0,49,1.0,1.0,1.0,"Jardim Residencial Paraíso, Araraquara",Apartamento
500000.0,96,3.0,2.0,1.0,"Vila Suconasa, Araraquara",Casa
586000.0,263,2.0,3.0,13.0,"Jardim Viaduto (Vila Xavier), Araraquara",Casa
485000.0,64,2.0,2.0,1.0,"Centro, Araraquara",Apartamento
500000.0,146,2.0,1.0,3.0,"Centro, Araraquara",Casa
310000.0,133,2.0,1.0,10.0,"Jardim Araraquara, Araraquara",Casa
170000.0,51,2.0,1.0,1.0,"Jardim das Flores, Araraquara",Apartamento
400000.0,114,2.0,1.0,1.0,"Jardim Santa Lúcia, Araraquara",Casa
400000.0,177,3.0,1.0,4.0,"Jardim das Estações (Vila Xavier), Araraquara",Casa
170000.0,39,2.0,1.0,1.0,"Jardim América (Vila Xavier), Araraquara",Apartamento
490000.0,189,2.0,1.0,2.0,"Jardim Paulistano (Vila Xavier), Araraquara",Casa
620000.0,192,3.0,2.0,1.0,"Centro, Araraquara",Casa
520000.0,255,4.0,3.0,6.0,"Centro, Araraquara",Casa
230000.0,40,2.0,1.0,1.0,"Jardim Quitandinha II, Araraquara",Apartamento
495000.0,62,2.0,2.0,1.0,"Jardim dos Manacás, Araraquara",Apartamento
180000.0,43,2.0,1.0,1.0,"Jardim Residencial Paraíso, Araraquara",Apartamento
450000.0,67,2.0,1.0,2.0,"Residencial Ravena, Araraquara",Casa
395000.0,156,3.0,1.0,2.0,"Parque Residencial Vale do Sol, Araraquara",Casa
375000.0,198,1.0,1.0,2.0,"Campos Ville, Araraquara",comercial
398000.0,43,2.0,1.0,1.0,"Cidade Jardim, Araraquara",Apartamento
400000.0,184,2.0,4.0,2.0,"Jardim Imperial, Araraquara",comercial
350000.0,53,2.0,1.0,1.0,"Jardim Marivan, Araraquara",Apartamento
299990.0,51,2.0,1.0,1.0,"Residencial Cambuy, Araraquara",Apartamento
700000.0,172,3.0,2.0,2.0,"Vila Harmonia, Araraquara",Casa
260000.0,51,2.0,1.0,1.0,"Jardim Bandeirantes, Araraquara",Apartamento
475000.0,138,2.0,1.0,1.0,"Centro, Araraquara",Casa
395000.0,200,2.0,3.0,5.0,"Jardim Santa Júlia (Vila Xavier), Araraquara",comercial
335000.0,63,2.0,1.0,1.0,"Jardim dos Manacás, Araraquara",Apartamento
140000.0,39,2.0,1.0,1.0,"Parque Residencial Iguatemi, Araraquara",Apartamento
450000.0,58,2.0,1.0,1.0,"São Geraldo, Araraquara",Apartamento
350000.0,152,2.0,1.0,1.0,"Jardim Gardênias, Araraquara",Casa
350000.0,117,3.0,3.0,1.0,"Centro, Araraquara",Apartamento
295000.0,56,2.0,1.0,1.0,"Centro, Araraquara",Apartamento
720000.0,100,3.0,4.0,2.0,"Centro, Araraquara",Apartamento
295000.0,56,2.0,1.0,1.0,"Centro, Araraquara",Apartamento
720000.0,100,3.0,4.0,2.0,"Centro, Araraquara",Apartamento
270000.0,42,2.0,1.0,1.0,"Vila Suconasa, Araraquara",Apartamento
1150000.0,145,3.0,4.0,3.0,"Centro, Araraquara",Apartamento
435000.0,236,3.0,1.0,5.0,"Centro, Araraquara",Casa
295000.0,49,2.0,1.0,1.0,"Vila Suconasa, Araraquara",Apartamento
170000.0,39,2.0,1.0,1.0,"Jardim Universal, Araraquara",Apartamento
500000.0,126,3.0,3.0,2.0,"Centro, Araraquara",Apartamento
300000.0,136,4.0,1.0,6.0,"Parque Residencial Vale do Sol, Araraquara",Casa
265000.0,121,2.0,1.0,1.0,"Doutor Tancredo de Almeida Neves, Araraquara",Casa
850000.0,340,3.0,2.0,3.0,"Centro, Araraquara",Casa
450000.0,130,3.0,1.0,1.0,"Vila Aracoara, Araraquara",Casa
560000.0,68,2.0,2.0,1.0,"Centro, Araraquara",Apartamento
580000.0,198,3.0,2.0,3.0,"Centro, Araraquara",Casa
450000.0,63,2.0,2.0,1.0,"Centro, Araraquara",Apartamento
320000.0,90,2.0,2.0,1.0,"Centro, Araraquara",Apartamento
450000.0,69,2.0,2.0,2.0,"Centro, Araraquara",Apartamento
650000.0,102,3.0,3.0,2.0,"Vila Ferroviária, Araraquara",Apartamento
480000.0,64,2.0,1.0,1.0,"Centro, Araraquara",Apartamento
540000.0,59,3.0,1.0,2.0,"Vila Santana, Araraquara",Apartamento
270000.0,67,3.0,1.0,1.0,"Jardim Adalberto Frederico de Oliveira Roxo I, Araraquara",Casa
300000.0,58,2.0,1.0,1.0,"Vila Velosa, Araraquara",Apartamento
380000.0,69,2.0,1.0,2.0,"Jardim Residencial Paraíso, Araraquara",Casa
465000.0,72,3.0,2.0,1.0,"Jardim Nova Araraquara, Araraquara",Apartamento
520000.0,251,3.0,4.0,4.0,"Vila Xavier (Vila Xavier), Araraquara",Casa
