url,titulo,preco,tipo_imovel,fonte,cidade,estado,data_coleta,quartos,bairro,localizacao,vagas,area
https://www.olx.com.br/imoveis/venda/estado-sp/regiao-de-ribeirao-preto,Na minha região,,outro,olx,Araraquara,SP,2026-01-31 19:36:54,,,,,
https://www.olx.com.br/imoveis/venda/estado-sp,No meu estado,,outro,olx,Araraquara,SP,2026-01-31 19:36:54,,,,,
https://www.olx.com.br/imoveis/venda,Em todo Brasil,,outro,olx,Araraquara,SP,2026-01-31 19:36:54,,,,,
https://www.olx.com.br/imoveis/venda/estado-sp/regiao-de-ribeirao-preto,DDD 16 - Ribeirão Preto e região,,outro,olx,Araraquara,SP,2026-01-31 19:36:54,,,,,
https://www.olx.com.br/imoveis/venda/estado-sp/regiao-de-ribeirao-preto/araraquara,Araraquara,,outro,olx,Araraquara,SP,2026-01-31 19:36:54,,,,,
https://www.olx.com.br/imoveis/venda/estado-sp/regiao-de-ribeirao-preto,DDD 16 - Ribeirão Preto e região,,outro,olx,Araraquara,SP,2026-01-31 19:36:54,,,,,
https://www.olx.com.br/imoveis/venda/estado-sp/regiao-de-ribeirao-preto/araraquara,Araraquara,,outro,olx,Araraquara,SP,2026-01-31 19:36:54,,,,,
https://sp.olx.com.br/regiao-de-ribeirao-preto/imoveis/casa-de-condominio-para-venda-tem-183-metros-quadrados-com-3-quartos-1435048255,Casa de condomínio para venda tem 183 metros quadrados com 3 quartos,,casa_condominio,olx,Araraquara,SP,2026-01-31 19:36:54,3.0,,,,
https://sp.olx.com.br/regiao-de-ribeirao-preto/imoveis/apartamento-com-2-quartos-a-venda-em-jardim-botanico-sp-1474017417,Apartamento com 2 quartos à venda em Jardim Botânico - SP,,apartamento,olx,Araraquara,SP,2026-01-31 19:36:54,2.0,,,,
https://sp.olx.com.br/regiao-de-ribeirao-preto/imoveis/residencial-parque-das-tulipas-1472225593,RESIDENCIAL PARQUE DAS TULIPAS,,outro,olx,Araraquara,SP,2026-01-31 19:36:54,,,,,
https://sp.olx.com.br/regiao-de-ribeirao-preto/imoveis/oportunidade-unica-em-araraquara-sp-tipo-apartamento-negociacao-venda-direta-onlin-1473995025,Oportunidade Única em ARARAQUARA - SP | Tipo: Apartamento | Negociação: Venda Direta Onlin,,apartamento,olx,Araraquara,SP,2026-01-31 19:36:54,,,,,
https://sp.olx.com.br/regiao-de-ribeirao-preto/imoveis/casa-com-piscina-em-condominio-fechado-1453065929,Casa com piscina em condomínio fechado,,casa_condominio,olx,Araraquara,SP,2026-01-31 19:36:54,,,,,
https://sp.olx.com.br/regiao-de-ribeirao-preto/imoveis/casa-de-condominio-em-avenida-alberto-santos-dumont-jardim-dumont-araraquara-sp-1473966418,Casa de condomínio em Avenida Alberto Santos Dumont - Jardim Dumont - Araraquara/SP,,casa_condominio,olx,Araraquara,SP,2026-01-31 19:36:54,,,,,
https://sp.olx.com.br/regiao-de-ribeirao-preto/imoveis/casa-de-condominio-em-avenida-deputado-federal-mario-eugenio-parque-residencial-damha-1473965702,Casa de condomínio em Avenida Deputado Federal Mário Eugênio - Parque Residencial Damha -,,casa_condominio,olx,Araraquara,SP,2026-01-31 19:36:54,,,,,
https://sp.olx.com.br/regiao-de-ribeirao-preto/imoveis/casa-de-condominio-em-rua-ettore-berti-residencial-village-damha-araraquara-sp-1473965646,Casa de condomínio em Rua Ettore Berti - Residencial Village Damha - Araraquara/SP,,casa_condominio,olx,Araraquara,SP,2026-01-31 19:36:54,,,,,
https://sp.olx.com.br/regiao-de-ribeirao-preto/imoveis/apartamento-em-avenida-maria-lucia-cabrera-jardim-quitandinha-ii-araraquara-sp-1473964898,Apartamento em Avenida Maria Lucia Cabrera - Jardim Quitandinha II - Araraquara/SP,,apartamento,olx,Araraquara,SP,2026-01-31 19:36:54,,,,,
https://sp.olx.com.br/regiao-de-ribeirao-preto/imoveis/apartamento-em-avenida-cristovao-colombo-centro-araraquara-sp-1473964705,Apartamento em Avenida Cristóvão Colombo - Centro - Araraquara/SP,,apartamento,olx,Araraquara,SP,2026-01-31 19:36:54,,,,,
https://sp.olx.com.br/regiao-de-ribeirao-preto/imoveis/apartamento-em-rua-aristides-fernandes-campos-ville-araraquara-sp-1473964752,Apartamento em Rua Aristides Fernandes - Campos Ville - Araraquara/SP,,apartamento,olx,Araraquara,SP,2026-01-31 19:36:54,,,,,
https://sp.olx.com.br/regiao-de-ribeirao-preto/imoveis/oportunidade-unica-em-araraquara-sp-tipo-apartamento-negociacao-venda-direta-onlin-1473964726,Oportunidade Única em ARARAQUARA - SP | Tipo: Apartamento | Negociação: Venda Direta Onlin,,apartamento,olx,Araraquara,SP,2026-01-31 19:36:54,,,,,
https://sp.olx.com.br/regiao-de-ribeirao-preto/imoveis/casa-em-avenida-rubens-botelho-falcao-jardim-residencial-italia-araraquara-sp-1473964691,Casa em Avenida Rubens Botelho Falcão - Jardim Residencial Itália - Araraquara/SP,,casa,olx,Araraquara,SP,2026-01-31 19:36:54,,,,,
https://sp.olx.com.br/regiao-de-ribeirao-preto/imoveis/casa-de-condominio-em-avenida-deputado-federal-mario-eugenio-parque-residencial-damha-1473964594,Casa de condomínio em Avenida Deputado Federal Mário Eugênio - Parque Residencial Damha -,,casa_condominio,olx,Araraquara,SP,2026-01-31 19:36:54,,,,,
https://sp.olx.com.br/regiao-de-ribeirao-preto/imoveis/casa-de-condominio-em-avenida-oswaldo-goncalves-de-jesus-condominio-buona-vita-araraqu-1473964320,Casa de condomínio em Avenida Oswaldo Gonçalves de Jesus - Condomínio Buona Vita - Araraqu,,casa_condominio,olx,Araraquara,SP,2026-01-31 19:36:54,,,,,
https://sp.olx.com.br/regiao-de-ribeirao-preto/imoveis/sobrado-em-avenida-georgina-porfirio-valente-jardim-residencial-lupo-ii-araraquara-sp-1473963945,Sobrado em Avenida Georgina Porfírio Valente - Jardim Residencial Lupo II - Araraquara/SP,,outro,olx,Araraquara,SP,2026-01-31 19:36:54,,,,,
https://sp.olx.com.br/regiao-de-ribeirao-preto/imoveis/casa-de-condominio-em-avenida-deputado-federal-mario-eugenio-parque-residencial-damha-1473963973,Casa de condomínio em Avenida Deputado Federal Mário Eugênio - Parque Residencial Damha -,,casa_condominio,olx,Araraquara,SP,2026-01-31 19:36:54,,,,,
https://sp.olx.com.br/regiao-de-ribeirao-preto/imoveis/casa-de-condominio-em-avenida-deputado-federal-mario-eugenio-parque-residencial-damha-1473963686,Casa de condomínio em Avenida Deputado Federal Mário Eugênio - Parque Residencial Damha -,,casa_condominio,olx,Araraquara,SP,2026-01-31 19:36:54,,,,,
https://sp.olx.com.br/regiao-de-ribeirao-preto/imoveis/casa-de-condominio-em-avenida-padre-adrianus-cornelis-johannes-vanluyn-jardim-marialice-1473963219,Casa de condomínio em Avenida Padre Adrianus Cornelis Johannes Vanluyn - Jardim Marialice,,casa_condominio,olx,Araraquara,SP,2026-01-31 19:36:54,,,,,
https://sp.olx.com.br/regiao-de-ribeirao-preto/imoveis/casa-em-avenida-professor-jose-clozel-jardim-morumbi-araraquara-sp-1473963516,Casa em Avenida Professor José Clozel - Jardim Morumbi - Araraquara/SP,,casa,olx,Araraquara,SP,2026-01-31 19:36:54,,,,,
https://sp.olx.com.br/regiao-de-ribeirao-preto/imoveis/casa-em-avenida-jose-santiago-torres-jardim-botanico-araraquara-sp-1473961985,Casa em Avenida José Santiago Torres - Jardim Botânico - Araraquara/SP,,casa,olx,Araraquara,SP,2026-01-31 19:36:54,,,,,
https://sp.olx.com.br/regiao-de-ribeirao-preto/imoveis/casa-em-rua-pedro-alvares-cabral-jardim-artico-araraquara-sp-1473960187,Casa em Rua Pedro Álvares Cabral - Jardim Ártico - Araraquara/SP,,casa,olx,Araraquara,SP,2026-01-31 19:36:54,,,,,
https://sp.olx.com.br/regiao-de-ribeirao-preto/imoveis/casa-de-condominio-em-avenida-deputado-federal-mario-eugenio-parque-residencial-damha-1473960203,Casa de condomínio em Avenida Deputado Federal Mário Eugênio - Parque Residencial Damha -,,casa_condominio,olx,Araraquara,SP,2026-01-31 19:36:54,,,,,
https://sp.olx.com.br/regiao-de-ribeirao-preto/imoveis/apartamento-em-rua-sao-bento-centro-araraquara-sp-1473959351,Apartamento em Rua São Bento - Centro - Araraquara/SP,,apartamento,olx,Araraquara,SP,2026-01-31 19:36:54,,,,,
https://sp.olx.com.br/regiao-de-ribeirao-preto/imoveis/casa-em-avenida-paraiba-jardim-brasil-vila-xavier-araraquara-sp-1473959202,Casa em Avenida Paraíba - Jardim Brasil (Vila Xavier) - Araraquara/SP,,casa,olx,Araraquara,SP,2026-01-31 19:36:54,,,,,
https://sp.olx.com.br/regiao-de-ribeirao-preto/imoveis/apartamento-em-rua-aristides-fernandes-campos-ville-araraquara-sp-1473959168,Apartamento em Rua Aristides Fernandes - Campos Ville - Araraquara/SP,,apartamento,olx,Araraquara,SP,2026-01-31 19:36:54,,,,,
https://sp.olx.com.br/regiao-de-ribeirao-preto/imoveis/casa-de-condominio-em-rua-ettore-berti-residencial-village-damha-araraquara-sp-1473959068,Casa de condomínio em Rua Ettore Berti - Residencial Village Damha - Araraquara/SP,,casa_condominio,olx,Araraquara,SP,2026-01-31 19:36:54,,,,,
https://sp.olx.com.br/regiao-de-ribeirao-preto/imoveis/casa-em-avenida-leopoldo-silva-vila-cidade-industrial-vila-xavier-araraquara-sp-1473958899,Casa em Avenida Leopoldo Silva - Vila Cidade Industrial (Vila Xavier) - Araraquara/SP,,casa,olx,Araraquara,SP,2026-01-31 19:36:54,,,,,
https://sp.olx.com.br/regiao-de-ribeirao-preto/imoveis/casa-de-condominio-em-avenida-luiz-dosualdo-jardim-imperador-araraquara-sp-1473956505,Casa de condomínio em Avenida Luiz Dosualdo - Jardim Imperador - Araraquara/SP,,casa_condominio,olx,Araraquara,SP,2026-01-31 19:36:54,,,,,
https://sp.olx.com.br/regiao-de-ribeirao-preto/imoveis/casa-de-condominio-em-avenida-deputado-federal-mario-eugenio-parque-residencial-damha-1473956201,Casa de condomínio em Avenida Deputado Federal Mário Eugênio - Parque Residencial Damha -,,casa_condominio,olx,Araraquara,SP,2026-01-31 19:36:54,,,,,
https://sp.olx.com.br/regiao-de-ribeirao-preto/imoveis/casa-em-rua-aramim-meirelles-neto-residencial-ravena-araraquara-sp-1473955748,Casa em Rua Aramim Meirelles Neto - Residencial Ravena - Araraquara/SP,,casa,olx,Araraquara,SP,2026-01-31 19:36:54,,,,,
https://sp.olx.com.br/regiao-de-ribeirao-preto/imoveis/casa-de-condominio-para-venda-com-165-metros-quadrados-com-3-quartos-1411245272,Casa de condomínio para venda com 165 metros quadrados com 3 quartos,,casa_condominio,olx,Araraquara,SP,2026-01-31 19:36:54,3.0,,,,
https://sp.olx.com.br/regiao-de-ribeirao-preto/imoveis/venda-de-casas-padrao-na-cidade-de-araraquara-1473937742,Venda de Casas / Padrão na cidade de Araraquara,,casa,olx,Araraquara,SP,2026-01-31 19:36:54,,,,,
https://sp.olx.com.br/regiao-de-ribeirao-preto/imoveis/venda-de-casas-padrao-na-cidade-de-araraquara-1473937653,Venda de Casas / Padrão na cidade de Araraquara,,casa,olx,Araraquara,SP,2026-01-31 19:36:54,,,,,
https://sp.olx.com.br/regiao-de-ribeirao-preto/imoveis/venda-de-casas-condominio-na-cidade-de-araraquara-1473937645,Venda de Casas / Condomínio na cidade de Araraquara,,casa_condominio,olx,Araraquara,SP,2026-01-31 19:36:54,,,,,
https://sp.olx.com.br/regiao-de-ribeirao-preto/imoveis/araraquara-sp-jardim-residencial-paraiso-1473935726,Araraquara/SP - JARDIM RESIDENCIAL PARAISO,,outro,olx,Araraquara,SP,2026-01-31 19:36:54,,,,,
https://sp.olx.com.br/regiao-de-ribeirao-preto/imoveis/leilao-araraquara-sp-apartamento-1468670931,Leilão - ARARAQUARA/SP - APARTAMENTO,,apartamento,olx,Araraquara,SP,2026-01-31 19:36:54,,,,,
https://sp.olx.com.br/regiao-de-ribeirao-preto/imoveis/leilao-araraquara-sp-apartamento-1468671242,Leilão - ARARAQUARA/SP - APARTAMENTO,,apartamento,olx,Araraquara,SP,2026-01-31 19:36:54,,,,,
https://sp.olx.com.br/regiao-de-ribeirao-preto/imoveis/leilao-araraquara-sp-casa-residencial-2-quartos-1468671646,Leilão - ARARAQUARA/SP - CASA - RESIDENCIAL 2 QUARTOS,,casa,olx,Araraquara,SP,2026-01-31 19:36:54,,,,,
https://sp.olx.com.br/regiao-de-ribeirao-preto/imoveis/leilao-araraquara-sp-apartamento-apto-2-quartos-1468670895,Leilão - ARARAQUARA/SP - APARTAMENTO - APTO 2 QUARTOS,,apartamento,olx,Araraquara,SP,2026-01-31 19:36:54,,,,,
https://sp.olx.com.br/regiao-de-ribeirao-preto/imoveis/casa-para-venda-possui-90-metros-quadrados-com-3-quartos-1472282470,Casa para venda possui 90 metros quadrados com 3 quartos,,casa,olx,Araraquara,SP,2026-01-31 19:36:54,3.0,,,,
https://sp.olx.com.br/regiao-de-ribeirao-preto/imoveis/casa-em-condominio-a-venda-na-quinta-dos-tipuanas-4-suites-piscina-aquecida-e-energia-so-1473913489,"Casa em condomínio à venda na Quinta dos Tipuanas  4 suítes, piscina aquecida e energia so",,casa_condominio,olx,Araraquara,SP,2026-01-31 19:36:54,,,,,
https://sp.olx.com.br/regiao-de-ribeirao-preto/imoveis/oportunidade-unica-em-araraquara-sp-tipo-apartamento-negociacao-venda-online-sit-1473904429,Oportunidade Única em ARARAQUARA - SP | Tipo: Apartamento | Negociação: Venda Online | Sit,,apartamento,olx,Araraquara,SP,2026-01-31 19:36:54,,,,,
https://sp.olx.com.br/regiao-de-ribeirao-preto/imoveis/oportunidade-unica-em-araraquara-sp-tipo-apartamento-negociacao-venda-online-sit-1473901818,Oportunidade Única em ARARAQUARA - SP | Tipo: Apartamento | Negociação: Venda Online | Sit,,apartamento,olx,Araraquara,SP,2026-01-31 19:36:54,,,,,
https://sp.olx.com.br/regiao-de-ribeirao-preto/imoveis/venda-de-apartamentos-padrao-na-cidade-de-araraquara-1473891614,Venda de Apartamentos / Padrão na cidade de Araraquara,,apartamento,olx,Araraquara,SP,2026-01-31 19:36:54,,,,,
https://sp.olx.com.br/regiao-de-ribeirao-preto/imoveis/venda-de-apartamentos-padrao-na-cidade-de-araraquara-1473890698,Venda de Apartamentos / Padrão na cidade de Araraquara,,apartamento,olx,Araraquara,SP,2026-01-31 19:36:54,,,,,
https://sp.olx.com.br/regiao-de-ribeirao-preto/imoveis/venda-de-apartamentos-padrao-na-cidade-de-araraquara-1473890686,Venda de Apartamentos / Padrão na cidade de Araraquara,,apartamento,olx,Araraquara,SP,2026-01-31 19:36:54,,,,,
https://sp.olx.com.br/regiao-de-ribeirao-preto/imoveis/apartamento-com-2-quartos-sendo-1-suite-centro-araraquara-sp-1473890643,"Apartamento com 2 quartos, sendo 1 suíte  Centro, Araraquara/SP",,apartamento,olx,Araraquara,SP,2026-01-31 19:36:54,2.0,sendo 1 suíte  Centro," sendo 1 suíte  Centro, Araraquara",,
https://sp.olx.com.br/regiao-de-ribeirao-preto/imoveis/venda-de-apartamentos-padrao-na-cidade-de-araraquara-1473869143,Venda de Apartamentos / Padrão na cidade de Araraquara,,apartamento,olx,Araraquara,SP,2026-01-31 19:36:54,,,,,
https://sp.olx.com.br/regiao-de-ribeirao-preto/imoveis/venda-de-apartamentos-padrao-na-cidade-de-araraquara-1473869050,Venda de Apartamentos / Padrão na cidade de Araraquara,,apartamento,olx,Araraquara,SP,2026-01-31 19:36:54,,,,,
https://www.olx.com.br/imoveis/venda/estado-sp/regiao-de-ribeirao-preto/araraquara?o=1,Página anterior,,outro,olx,Araraquara,SP,2026-01-31 19:36:54,,,,,
https://www.olx.com.br/imoveis/venda/estado-sp/regiao-de-ribeirao-preto/araraquara?o=2,Próxima página,,outro,olx,Araraquara,SP,2026-01-31 19:36:54,,,,,
https://www.olx.com.br/imoveis/venda/estado-sp/regiao-de-ribeirao-preto/araraquara?o=100,Última página,,outro,olx,Araraquara,SP,2026-01-31 19:36:54,,,,,
https://www.olx.com.br/imoveis/aluguel/apartamentos/estado-df/distrito-federal-e-regiao/brasilia,Alugar apartamento em Brasília,,apartamento,olx,Araraquara,SP,2026-01-31 19:36:54,,,,,
https://www.olx.com.br/imoveis/aluguel/apartamentos/estado-sp/sao-paulo-e-regiao,Alugar apartamento em São Paulo,,apartamento,olx,Araraquara,SP,2026-01-31 19:36:54,,,,,
https://www.olx.com.br/imoveis/aluguel/apartamentos/estado-sc/florianopolis-e-regiao,Aluguel apartamento em Florianópolis,,apartamento,olx,Araraquara,SP,2026-01-31 19:36:54,,,,,
https://www.olx.com.br/imoveis/imoveis/aluguel/apartamentos/estado-rj/rio-de-janeiro-e-regiao,Aluguel apartamento em Rio de Janeiro,,apartamento,olx,Araraquara,SP,2026-01-31 19:36:54,,,,,
https://www.olx.com.br/imoveis/aluguel/apartamentos/estado-am/regiao-de-manaus/manaus,Aluguel apartamento em Manaus,,apartamento,olx,Araraquara,SP,2026-01-31 19:36:54,,,,,
https://www.olx.com.br/imoveis/venda/apartamentos/estado-mg/belo-horizonte-e-regiao,Apartamento à venda em Belo Horizonte,,apartamento,olx,Araraquara,SP,2026-01-31 19:36:54,,,,,
https://www.olx.com.br/imoveis/venda/apartamentos/estado-pr/regiao-de-curitiba-e-paranagua,Apartamento à venda em Curitiba,,apartamento,olx,Araraquara,SP,2026-01-31 19:36:54,,,,,
https://www.olx.com.br/imoveis/venda/apartamentos/estado-ce/fortaleza-e-regiao/fortaleza,Apartamento à venda em Fortaleza,,apartamento,olx,Araraquara,SP,2026-01-31 19:36:54,,,,,
https://www.olx.com.br/imoveis/venda/apartamentos/estado-go/grande-goiania-e-anapolis,Apartamento à venda em Goiânia,,apartamento,olx,Araraquara,SP,2026-01-31 19:36:54,,,,,
https://www.olx.com.br/imoveis/venda/apartamentos/estado-al/alagoas/maceio,Apartamento à venda em Maceió,,apartamento,olx,Araraquara,SP,2026-01-31 19:36:54,,,,,
https://www.olx.com.br/imoveis/venda/apartamentos/estado-sc/florianopolis-e-regiao,Apartamento à venda Florianópolis,,apartamento,olx,Araraquara,SP,2026-01-31 19:36:54,,,,,
https://www.olx.com.br/imoveis/venda/apartamentos/estado-sc/norte-de-santa-catarina/regiao-de-joinville-e-norte-do-estado/joinville,Apartamento à venda Joinville,,apartamento,olx,Araraquara,SP,2026-01-31 19:36:54,,,,,
https://www.olx.com.br/imoveis/venda/apartamentos/estado-rj/rio-de-janeiro-e-regiao,Apartamento à venda Rio de Janeiro,,apartamento,olx,Araraquara,SP,2026-01-31 19:36:54,,,,,
https://www.olx.com.br/imoveis/venda/apartamentos/estado-sp/sao-paulo-e-regiao,Apartamento à venda São Paulo,,apartamento,olx,Araraquara,SP,2026-01-31 19:36:54,,,,,
https://www.olx.com.br/imoveis/aluguel/apartamentos/estado-mg/belo-horizonte-e-regiao,Apartamento para alugar em Belo Horizonte,,apartamento,olx,Araraquara,SP,2026-01-31 19:36:54,,,,,
https://www.olx.com.br/imoveis/aluguel/apartamentos/estado-pr/regiao-de-curitiba-e-paranagua,Apartamento para alugar em Curitiba,,apartamento,olx,Araraquara,SP,2026-01-31 19:36:54,,,,,
https://www.olx.com.br/imoveis/aluguel/apartamentos/estado-go/grande-goiania-e-anapolis,Apartamento para alugar em Goiânia,,apartamento,olx,Araraquara,SP,2026-01-31 19:36:54,,,,,
https://www.olx.com.br/imoveis/aluguel/apartamentos/estado-pe/grande-recife/recife,Apartamento para alugar em Recife,,apartamento,olx,Araraquara,SP,2026-01-31 19:36:54,,,,,
https://www.olx.com.br/imoveis/aluguel/apartamentos/estado-ba/grande-salvador/salvador,Apartamento para alugar em Salvador,,apartamento,olx,Araraquara,SP,2026-01-31 19:36:54,,,,,
https://www.olx.com.br/imoveis/aluguel/apartamentos/estado-sc/norte-de-santa-catarina/regiao-de-joinville-e-norte-do-estado/joinville,Apartamento para alugar em Joinville,,apartamento,olx,Araraquara,SP,2026-01-31 19:36:54,,,,,
https://www.olx.com.br/imoveis/venda/apartamentos/estado-ba/grande-salvador/salvador,Apartamento para comprar em Salvador,,apartamento,olx,Araraquara,SP,2026-01-31 19:36:54,,,,,
https://www.olx.com.br/imoveis/venda/apartamentos/estado-se/sergipe/aracaju,Apartamento à venda em Aracajú,,apartamento,olx,Araraquara,SP,2026-01-31 19:36:54,,,,,
https://www.olx.com.br/imoveis/venda/apartamentos/estado-am/regiao-de-manaus/manaus,Apartamento à venda em Manaus,,apartamento,olx,Araraquara,SP,2026-01-31 19:36:54,,,,,
https://www.olx.com.br/imoveis/venda/apartamentos/estado-df/distrito-federal-e-regiao/brasilia,Comprar apartamento em Brasília,,apartamento,olx,Araraquara,SP,2026-01-31 19:36:54,,,,,
https://www.olx.com.br/imoveis/venda/apartamentos/estado-pe/grande-recife/recife,Comprar apartamento Recife,,apartamento,olx,Araraquara,SP,2026-01-31 19:36:54,,,,,
https://www.olx.com.br/imoveis/aluguel/casas/estado-rj/rio-de-janeiro-e-regiao,Casas para alugar Rio de Janeiro,,casa,olx,Araraquara,SP,2026-01-31 19:36:54,,,,,
https://www.olx.com.br/imoveis/venda/casas/estado-rj/rio-de-janeiro-e-regiao,Casas à venda Rio de Janeiro,,casa,olx,Araraquara,SP,2026-01-31 19:36:54,,,,,
https://www.olx.com.br/imoveis/aluguel/casas/estado-sp/sao-paulo-e-regiao,Casas para alugar São Paulo,,casa,olx,Araraquara,SP,2026-01-31 19:36:54,,,,,
https://www.olx.com.br/imoveis/venda/casas/estado-sp/sao-paulo-e-regiao,Casas à venda São Paulo,,casa,olx,Araraquara,SP,2026-01-31 19:36:54,,,,,
https://www.olx.com.br/imoveis/aluguel/casas/estado-pr/regiao-de-curitiba-e-paranagua,Casas para alugar Curitiba,,casa,olx,Araraquara,SP,2026-01-31 19:36:54,,,,,
https://www.olx.com.br/imoveis/venda/casas/estado-pr/regiao-de-curitiba-e-paranagua,Casas à venda em Curitiba,,casa,olx,Araraquara,SP,2026-01-31 19:36:54,,,,,
https://www.olx.com.br/imoveis/aluguel/casas/estado-mg/belo-horizonte-e-regiao,Casas para alugar em Belo Horizonte,,casa,olx,Araraquara,SP,2026-01-31 19:36:54,,,,,
https://www.olx.com.br/imoveis/venda/casas/estado-mg/belo-horizonte-e-regiao,Casas à venda em Belo Horizonte,,casa,olx,Araraquara,SP,2026-01-31 19:36:54,,,,,
https://www.olx.com.br/imoveis/aluguel/casas/estado-df/distrito-federal-e-regiao,Aluguel de casas Distrito Federal,,casa,olx,Araraquara,SP,2026-01-31 19:36:54,,,,,
https://www.olx.com.br/imoveis/venda/casas/estado-df/distrito-federal-e-regiao/brasilia,Casas à venda Brasília,,casa,olx,Araraquara,SP,2026-01-31 19:36:54,,,,,
https://www.olx.com.br/imoveis/aluguel/casas/estado-go/grande-goiania-e-anapolis,Casas para alugar Goiânia,,casa,olx,Araraquara,SP,2026-01-31 19:36:54,,,,,
https://www.olx.com.br/imoveis/venda/casas/estado-go/grande-goiania-e-anapolis,Casas à venda em Goiânia,,casa,olx,Araraquara,SP,2026-01-31 19:36:54,,,,,
https://www.olx.com.br/imoveis/aluguel/casas/estado-sc/norte-de-santa-catarina/regiao-de-joinville-e-norte-do-estado/joinville,Casas para alugar Joinville,,casa,olx,Araraquara,SP,2026-01-31 19:36:54,,,,,
https://www.olx.com.br/imoveis/venda/casas/estado-sc/norte-de-santa-catarina/regiao-de-joinville-e-norte-do-estado/joinville,Casas à venda em Joinville,,casa,olx,Araraquara,SP,2026-01-31 19:36:54,,,,,
https://www.olx.com.br/imoveis/aluguel/casas/estado-pe/grande-recife/recife,Casa pra alugar em Recife,,casa,olx,Araraquara,SP,2026-01-31 19:36:54,,,,,
https://www.olx.com.br/imoveis/aluguel/casas/estado-sc/florianopolis-e-regiao,Aluguel casa Florianópolis,,casa,olx,Araraquara,SP,2026-01-31 19:36:54,,,,,
https://www.olx.com.br/imoveis/venda/casas/estado-sc/florianopolis-e-regiao,Casas à venda em Florianópolis,,casa,olx,Araraquara,SP,2026-01-31 19:36:54,,,,,
https://www.olx.com.br/imoveis/aluguel/casas/estado-ba/grande-salvador/salvador,Casas para alugar em Salvador,,casa,olx,Araraquara,SP,2026-01-31 19:36:54,,,,,
https://www.olx.com.br/imoveis/venda/casas/estado-ba/grande-salvador/salvador,Casas à venda em Salvador,,casa,olx,Araraquara,SP,2026-01-31 19:36:54,,,,,
https://www.olx.com.br/imoveis/venda/casas/estado-am/regiao-de-manaus/manaus,Casas à venda em Manaus,,casa,olx,Araraquara,SP,2026-01-31 19:36:54,,,,,
https://www.olx.com.br/imoveis/aluguel/casas/estado-ce/fortaleza-e-regiao/fortaleza,Aluguel de casas em Fortaleza,,casa,olx,Araraquara,SP,2026-01-31 19:36:54,,,,,
https://www.olx.com.br/imoveis/venda/casas/estado-ba/grande-salvador/grande-salvador/camacari,Casas à venda em Camaçari,,casa,olx,Araraquara,SP,2026-01-31 19:36:54,,,,,
https://www.olx.com.br/imoveis/aluguel/casas/estado-rs/regioes-de-porto-alegre-torres-e-santa-cruz-do-sul,Casas para alugar Porto Alegre,,casa,olx,Araraquara,SP,2026-01-31 19:36:54,,,,,
https://www.olx.com.br/imoveis/venda/casas/estado-rs/regioes-de-porto-alegre-torres-e-santa-cruz-do-sul,Casas à venda em Porto Alegre,,casa,olx,Araraquara,SP,2026-01-31 19:36:54,,,,,
https://www.olx.com.br/imoveis/venda/casas/estado-sp/sao-paulo-e-regiao/outras-cidades/osasco,Casas a venda em Osasco,,casa,olx,Araraquara,SP,2026-01-31 19:36:54,,,,,
https://www.olx.com.br/imoveis/aluguel/estado-mg/belo-horizonte-e-regiao,Alugar imóvel em Belo Horizonte,,outro,olx,Araraquara,SP,2026-01-31 19:36:54,,,,,
https://www.olx.com.br/imoveis/venda/casas/estado-sp/sao-paulo-e-regiao,Alugar imóvel em São Paulo,,outro,olx,Araraquara,SP,2026-01-31 19:36:54,,,,,
https://www.olx.com.br/imoveis/aluguel/apartamentos/estado-rj/rio-de-janeiro-e-regiao,Alugar imóvel no Rio de Janeiro,,outro,olx,Araraquara,SP,2026-01-31 19:36:54,,,,,
https://www.olx.com.br/imoveis/aluguel/apartamentos/estado-sp/grande-campinas/regiao-de-campinas/campinas,Apartamento para alugar em Campinas,,apartamento,olx,Araraquara,SP,2026-01-31 19:36:54,,,,,
https://www.olx.com.br/imoveis/venda/apartamentos/estado-sp/sao-paulo-e-regiao/abcd/santo-andre,Apartamento para alugar Santo André,,apartamento,olx,Araraquara,SP,2026-01-31 19:36:54,,,,,
https://www.olx.com.br/imoveis/venda/apartamentos/estado-sp/grande-campinas,Apartamento à venda em Campinas,,apartamento,olx,Araraquara,SP,2026-01-31 19:36:54,,,,,
https://www.olx.com.br/imoveis/venda/apartamentos/estado-sp/sao-paulo-e-regiao/outras-cidades/guarulhos,Apartamentos à venda em Guarulhos,,apartamento,olx,Araraquara,SP,2026-01-31 19:36:54,,,,,
https://www.olx.com.br/imoveis/venda/apartamentos/estado-rj/rio-de-janeiro-e-regiao/niteroi,Apartamentos à venda em Niterói,,apartamento,olx,Araraquara,SP,2026-01-31 19:36:54,,,,,
https://www.olx.com.br/imoveis/aluguel/apartamentos/estado-sc/norte-de-santa-catarina/regiao-do-vale-do-itajai/balneario-camboriu,Apartamentos para alugar em Balneário Camboriú,,apartamento,olx,Araraquara,SP,2026-01-31 19:36:54,,,,,
https://www.olx.com.br/imoveis/aluguel/apartamentos/estado-sc/norte-de-santa-catarina/regiao-do-vale-do-itajai/itapema,Apartamentos para alugar em Itapema,,apartamento,olx,Araraquara,SP,2026-01-31 19:36:54,,,,,
https://www.olx.com.br/imoveis/aluguel/apartamentos/estado-pr/regiao-de-londrina/regiao-de-londrina/londrina,Apartamentos para alugar em Londrina,,apartamento,olx,Araraquara,SP,2026-01-31 19:36:54,,,,,
https://www.olx.com.br/imoveis/aluguel/apartamentos/estado-sp/baixada-santista-e-litoral-sul/regiao-de-santos/praia-grande,Apartamentos para alugar em Praia Grande,,apartamento,olx,Araraquara,SP,2026-01-31 19:36:54,,,,,
https://www.olx.com.br/imoveis/aluguel/apartamentos/estado-sp/regiao-de-ribeirao-preto/regiao-de-ribeirao-preto/ribeirao-preto,Apartamentos para alugar em Ribeirão Preto,,apartamento,olx,Araraquara,SP,2026-01-31 19:36:54,,,,,
https://www.olx.com.br/imoveis/https://www.olx.com.br/imoveis/aluguel/apartamentos/estado-sp/vale-do-paraiba-e-litoral-norte/vale-do-paraiba/sao-jose-dos-campos,Apartamentos para alugar em São José dos Campos,,apartamento,olx,Araraquara,SP,2026-01-31 19:36:54,,,,,
https://www.olx.com.br/imoveis/venda/casas/estado-sp/grande-campinas/regiao-de-campinas/campinas,Casas à venda em Campinas,,casa,olx,Araraquara,SP,2026-01-31 19:36:54,,,,,
https://www.olx.com.br/imoveis/venda/casas/estado-sp/sao-paulo-e-regiao/outras-cidades/guarulhos,Casas à venda em Guarulhos,,casa,olx,Araraquara,SP,2026-01-31 19:36:54,,,,,
https://www.olx.com.br/imoveis/aluguel/casas/estado-sp/sao-paulo-e-regiao/outras-cidades/barueri,Casas para alugar em Barueri,,casa,olx,Araraquara,SP,2026-01-31 19:36:54,,,,,
https://www.olx.com.br/imoveis/aluguel/casas/estado-pr/regiao-de-londrina/regiao-de-londrina/londrina,Casas para alugar em Londrina,,casa,olx,Araraquara,SP,2026-01-31 19:36:54,,,,,
https://www.olx.com.br/imoveis/aluguel/casas/estado-rj/rio-de-janeiro-e-regiao/niteroi,Casas para alugar em Niterói,,casa,olx,Araraquara,SP,2026-01-31 19:36:54,,,,,
https://www.olx.com.br/imoveis/aluguel/casas/estado-sp/regiao-de-ribeirao-preto/regiao-de-ribeirao-preto/ribeirao-preto,Casas para alugar em Ribeirão Preto,,casa,olx,Araraquara,SP,2026-01-31 19:36:54,,,,,
https://www.olx.com.br/imoveis/aluguel/casas/estado-sp/sao-paulo-e-regiao/abcd/sao-caetano-do-sul,Casas para alugar em São Caetano do Sul,,casa,olx,Araraquara,SP,2026-01-31 19:36:54,,,,,
https://www.olx.com.br/imoveis/aluguel/casas/estado-sp/vale-do-paraiba-e-litoral-norte/vale-do-paraiba/sao-jose-dos-campos,Casas para alugar em São José dos Campos,,casa,olx,Araraquara,SP,2026-01-31 19:36:54,,,,,
https://www.olx.com.br/imoveis/venda/estado-mg/belo-horizonte-e-regiao/grande-belo-horizonte,Comprar imóvel em Belo Horizonte,,outro,olx,Araraquara,SP,2026-01-31 19:36:54,,,,,
https://www.olx.com.br/imoveis/venda/casas/estado-rj/rio-de-janeiro-e-regiao/mangaratiba,Casas à venda em Mangaratiba,,casa,olx,Araraquara,SP,2026-01-31 19:36:54,,,,,
https://www.olx.com.br/imoveis/aluguel/casas/estado-sp/regiao-de-sao-jose-do-rio-preto,Casas para alugar em São José do Rio Preto,,casa,olx,Araraquara,SP,2026-01-31 19:36:54,,,,,
https://www.olx.com.br/imoveis/venda/estado-sp/regiao-de-ribeirao-preto,Na minha região,,outro,olx,Araraquara,SP,2026-01-31 19:37:06,,,,,
https://www.olx.com.br/imoveis/venda/estado-sp,No meu estado,,outro,olx,Araraquara,SP,2026-01-31 19:37:06,,,,,
https://www.olx.com.br/imoveis/venda,Em todo Brasil,,outro,olx,Araraquara,SP,2026-01-31 19:37:06,,,,,
https://www.olx.com.br/imoveis/venda/estado-sp/regiao-de-ribeirao-preto,DDD 16 - Ribeirão Preto e região,,outro,olx,Araraquara,SP,2026-01-31 19:37:06,,,,,
https://www.olx.com.br/imoveis/venda/estado-sp/regiao-de-ribeirao-preto/araraquara,Araraquara,,outro,olx,Araraquara,SP,2026-01-31 19:37:06,,,,,
https://www.olx.com.br/imoveis/venda/estado-sp/regiao-de-ribeirao-preto,DDD 16 - Ribeirão Preto e região,,outro,olx,Araraquara,SP,2026-01-31 19:37:06,,,,,
https://www.olx.com.br/imoveis/venda/estado-sp/regiao-de-ribeirao-preto/araraquara,Araraquara,,outro,olx,Araraquara,SP,2026-01-31 19:37:06,,,,,
https://sp.olx.com.br/regiao-de-ribeirao-preto/imoveis/venda-de-apartamentos-padrao-na-cidade-de-araraquara-1473869049,Venda de Apartamentos / Padrão na cidade de Araraquara,,apartamento,olx,Araraquara,SP,2026-01-31 19:37:06,,,,,
https://sp.olx.com.br/regiao-de-ribeirao-preto/imoveis/venda-de-apartamentos-padrao-na-cidade-de-araraquara-1473868994,Venda de Apartamentos / Padrão na cidade de Araraquara,,apartamento,olx,Araraquara,SP,2026-01-31 19:37:06,,,,,
https://sp.olx.com.br/regiao-de-ribeirao-preto/imoveis/venda-de-apartamentos-padrao-na-cidade-de-araraquara-1473868918,Venda de Apartamentos / Padrão na cidade de Araraquara,,apartamento,olx,Araraquara,SP,2026-01-31 19:37:06,,,,,
https://sp.olx.com.br/regiao-de-ribeirao-preto/imoveis/venda-de-casas-padrao-na-cidade-de-araraquara-1473868882,Venda de Casas / Padrão na cidade de Araraquara,,casa,olx,Araraquara,SP,2026-01-31 19:37:06,,,,,
https://sp.olx.com.br/regiao-de-ribeirao-preto/imoveis/venda-de-apartamentos-padrao-na-cidade-de-araraquara-1473868879,Venda de Apartamentos / Padrão na cidade de Araraquara,,apartamento,olx,Araraquara,SP,2026-01-31 19:37:06,,,,,
https://sp.olx.com.br/regiao-de-ribeirao-preto/imoveis/venda-de-casas-condominio-na-cidade-de-araraquara-1473868881,Venda de Casas / Condomínio na cidade de Araraquara,,casa_condominio,olx,Araraquara,SP,2026-01-31 19:37:06,,,,,
https://sp.olx.com.br/regiao-de-ribeirao-preto/imoveis/sobrado-a-venda-residencial-quinta-das-laranjeiras-araraquara-sp-1473867297,"Sobrado à venda, Residencial Quinta das Laranjeiras, Araraquara, SP",,outro,olx,Araraquara,SP,2026-01-31 19:37:06,,Residencial Quinta das Laranjeiras," Residencial Quinta das Laranjeiras, Araraquara",,
https://sp.olx.com.br/regiao-de-ribeirao-preto/imoveis/casa-a-venda-residencial-quinta-das-laranjeiras-araraquara-sp-1473867301,"Casa à venda, Residencial Quinta das Laranjeiras, Araraquara, SP",,casa,olx,Araraquara,SP,2026-01-31 19:37:06,,Residencial Quinta das Laranjeiras," Residencial Quinta das Laranjeiras, Araraquara",,
https://sp.olx.com.br/regiao-de-ribeirao-preto/imoveis/casa-a-venda-residencial-quinta-das-laranjeiras-araraquara-sp-1473867291,"Casa à venda, Residencial Quinta das Laranjeiras, Araraquara, SP",,casa,olx,Araraquara,SP,2026-01-31 19:37:06,,Residencial Quinta das Laranjeiras," Residencial Quinta das Laranjeiras, Araraquara",,
https://sp.olx.com.br/regiao-de-ribeirao-preto/imoveis/casa-padrao-em-araraquara-1473861127,Casa Padrão em Araraquara,,casa,olx,Araraquara,SP,2026-01-31 19:37:06,,,,,
https://sp.olx.com.br/regiao-de-ribeirao-preto/imoveis/apartamento-padrao-em-araraquara-1473861162,Apartamento Padrão em Araraquara,,apartamento,olx,Araraquara,SP,2026-01-31 19:37:06,,,,,
https://sp.olx.com.br/regiao-de-ribeirao-preto/imoveis/oportunidade-1473860985,Oportunidade!,,outro,olx,Araraquara,SP,2026-01-31 19:37:06,,,,,
https://sp.olx.com.br/regiao-de-ribeirao-preto/imoveis/apartamento-apartamento-sem-condominio-em-araraquara-1473860772,Apartamento Apartamento sem condomínio em Araraquara,,apartamento,olx,Araraquara,SP,2026-01-31 19:37:06,,,,,
https://sp.olx.com.br/regiao-de-ribeirao-preto/imoveis/casa-em-condominio-fechado-com-excelente-localizacao-1473860710,"Casa em condomínio fechado, com excelente localização.",,casa_condominio,olx,Araraquara,SP,2026-01-31 19:37:06,,,,,
https://sp.olx.com.br/regiao-de-ribeirao-preto/imoveis/sobrado-com-4-quartos-a-venda-em-centro-sp-1473760020,Sobrado com 4 quartos à venda em Centro - SP,,outro,olx,Araraquara,SP,2026-01-31 19:37:06,4.0,,,,
https://sp.olx.com.br/regiao-de-ribeirao-preto/imoveis/sobrado-com-4-quartos-a-venda-ou-para-locacao-em-altos-do-jaragua-sp-1473759986,Sobrado com 4 quartos à venda ou para locação em Altos Do Jaraguá - SP,,outro,olx,Araraquara,SP,2026-01-31 19:37:06,4.0,,,,
https://sp.olx.com.br/regiao-de-ribeirao-preto/imoveis/apartamento-para-venda-com-93-metros-quadrados-com-2-quartos-em-centro-araraquara-sao-1441985375,Apartamento para venda com 93 metros quadrados com 2 quartos em Centro - Araraquara - São,,apartamento,olx,Araraquara,SP,2026-01-31 19:37:06,2.0,,,,
https://sp.olx.com.br/regiao-de-ribeirao-preto/imoveis/imovel-para-venda-com-39-metros-quadrados-com-2-quartos-em-jardim-quitandinha-ii-araraqu-1473726278,Imóvel para venda com 39 metros quadrados com 2 quartos em Jardim Quitandinha II - Araraqu,,outro,olx,Araraquara,SP,2026-01-31 19:37:06,2.0,,,,
https://sp.olx.com.br/regiao-de-ribeirao-preto/imoveis/imovel-para-venda-tem-43-metros-quadrados-com-2-quartos-1473721421,Imóvel para venda tem 43 metros quadrados com 2 quartos,,outro,olx,Araraquara,SP,2026-01-31 19:37:06,2.0,,,,
https://sp.olx.com.br/regiao-de-ribeirao-preto/imoveis/venda-casa-de-condominio-araraquara-residencial-village-damha-iii-1473703473,Venda-Casa de condomínio-Araraquara-Residencial Village Damha III,,casa_condominio,olx,Araraquara,SP,2026-01-31 19:37:06,,,,,
https://sp.olx.com.br/regiao-de-ribeirao-preto/imoveis/casa-terrea-no-carmo-03-dormitorios-com-edicula-e-quintal-1473702441,CASA TÉRREA NO CARMO - 03 DORMITÓRIOS COM EDÍCULA E QUINTAL,,casa,olx,Araraquara,SP,2026-01-31 19:37:06,,,,,
https://sp.olx.com.br/regiao-de-ribeirao-preto/imoveis/maravilhosa-casa-sobrado-condom-flamboyants-1473702466,MARAVILHOSA CASA SOBRADO - CONDOM FLAMBOYANTS,,casa,olx,Araraquara,SP,2026-01-31 19:37:06,,,,,
https://sp.olx.com.br/regiao-de-ribeirao-preto/imoveis/oportunidade-unica-em-araraquara-sp-tipo-apartamento-negociacao-venda-online-sit-1473696420,Oportunidade Única em ARARAQUARA - SP | Tipo: Apartamento | Negociação: Venda Online | Sit,,apartamento,olx,Araraquara,SP,2026-01-31 19:37:06,,,,,
https://sp.olx.com.br/regiao-de-ribeirao-preto/imoveis/apartamento-para-venda-tem-39-metros-quadrados-com-2-quartos-1429426275,Apartamento para venda tem 39 metros quadrados com 2 quartos,,apartamento,olx,Araraquara,SP,2026-01-31 19:37:06,2.0,,,,
https://sp.olx.com.br/regiao-de-ribeirao-preto/imoveis/casa-no-quinta-do-salto-com-230-metros-quadrados-e-3-suites-1458855716,Casa no Quinta do Salto com 230 metros quadrados e 3 suítes,,casa,olx,Araraquara,SP,2026-01-31 19:37:06,,,,,
https://sp.olx.com.br/regiao-de-ribeirao-preto/imoveis/venda-de-casas-padrao-na-cidade-de-araraquara-1473667862,Venda de Casas / Padrão na cidade de Araraquara,,casa,olx,Araraquara,SP,2026-01-31 19:37:06,,,,,
https://sp.olx.com.br/regiao-de-ribeirao-preto/imoveis/venda-de-casas-padrao-na-cidade-de-araraquara-1473666725,Venda de Casas / Padrão na cidade de Araraquara,,casa,olx,Araraquara,SP,2026-01-31 19:37:06,,,,,
https://sp.olx.com.br/regiao-de-ribeirao-preto/imoveis/apartamento-para-venda-possui-48-metros-quadrados-com-2-quartos-em-centro-araraquara-s-1454128767,Apartamento para venda possui 48 metros quadrados com 2 quartos em Centro - Araraquara - S,,apartamento,olx,Araraquara,SP,2026-01-31 19:37:06,2.0,,,,
https://sp.olx.com.br/regiao-de-ribeirao-preto/imoveis/casa-a-venda-no-quitandinha-3-dormitorios-e-2-vagas-cobertas-araraquara-1473634670,Casa à venda no Quitandinha  3 dormitórios e 2 vagas cobertas - Araraquara,,casa,olx,Araraquara,SP,2026-01-31 19:37:06,,,,2.0,
https://sp.olx.com.br/regiao-de-ribeirao-preto/imoveis/oportunidade-unica-em-araraquara-sp-tipo-apartamento-negociacao-venda-online-sit-1473624105,Oportunidade Única em ARARAQUARA - SP | Tipo: Apartamento | Negociação: Venda Online | Sit,,apartamento,olx,Araraquara,SP,2026-01-31 19:37:06,,,,,
https://sp.olx.com.br/regiao-de-ribeirao-preto/imoveis/oportunidade-unica-em-araraquara-sp-tipo-apartamento-negociacao-venda-online-sit-1473621191,Oportunidade Única em ARARAQUARA - SP | Tipo: Apartamento | Negociação: Venda Online | Sit,,apartamento,olx,Araraquara,SP,2026-01-31 19:37:06,,,,,
https://sp.olx.com.br/regiao-de-ribeirao-preto/imoveis/casa-de-leilao-em-cidade-jardim-araraquara-sp-licitacao-aberta-1473621147,Casa de leilão em CIDADE JARDIM / ARARAQUARA / SP | Licitação Aberta,,casa,olx,Araraquara,SP,2026-01-31 19:37:06,,,,,
https://sp.olx.com.br/regiao-de-ribeirao-preto/imoveis/apartamento-de-leilao-em-vila-harmonia-araraquara-sp-leilao-sfi-edital-unico-1473621079,Apartamento de leilão em VILA HARMONIA / ARARAQUARA / SP | Leilão SFI - Edital Único,,apartamento,olx,Araraquara,SP,2026-01-31 19:37:06,,,,,
https://sp.olx.com.br/regiao-de-ribeirao-preto/imoveis/casa-de-leilao-em-jardim-ipe-amarelo-araraquara-sp-leilao-sfi-edital-unico-1473620906,Casa de leilão em JARDIM IPE AMARELO / ARARAQUARA / SP | Leilão SFI - Edital Único,,casa,olx,Araraquara,SP,2026-01-31 19:37:06,,,,,
https://sp.olx.com.br/regiao-de-ribeirao-preto/imoveis/oportunidade-unica-em-araraquara-sp-tipo-apartamento-negociacao-venda-online-sit-1473620618,Oportunidade Única em ARARAQUARA - SP | Tipo: Apartamento | Negociação: Venda Online | Sit,,apartamento,olx,Araraquara,SP,2026-01-31 19:37:06,,,,,
https://sp.olx.com.br/regiao-de-ribeirao-preto/imoveis/oportunidade-unica-em-araraquara-sp-tipo-apartamento-negociacao-venda-online-sit-1473620503,Oportunidade Única em ARARAQUARA - SP | Tipo: Apartamento | Negociação: Venda Online | Sit,,apartamento,olx,Araraquara,SP,2026-01-31 19:37:06,,,,,
https://sp.olx.com.br/regiao-de-ribeirao-preto/imoveis/excelente-apartamento-no-portal-caminhos-de-cordoba-1473619084,Excelente Apartamento no Portal Caminhos de Cordoba,,apartamento,olx,Araraquara,SP,2026-01-31 19:37:06,,,,,
https://sp.olx.com.br/regiao-de-ribeirao-preto/imoveis/venda-de-apartamentos-padrao-na-cidade-de-araraquara-1473608904,Venda de Apartamentos / Padrão na cidade de Araraquara,,apartamento,olx,Araraquara,SP,2026-01-31 19:37:06,,,,,
https://sp.olx.com.br/regiao-de-ribeirao-preto/imoveis/casa-a-venda-no-bairro-melhado-oportunidade-1473605419,?CASA A VENDA NO BAIRRO MELHADO - OPORTUNIDADE ?,,casa,olx,Araraquara,SP,2026-01-31 19:37:06,,,,,
https://sp.olx.com.br/regiao-de-ribeirao-preto/imoveis/oportunidade-unica-em-araraquara-sp-tipo-apartamento-negociacao-venda-online-sit-1473601206,Oportunidade Única em ARARAQUARA - SP | Tipo: Apartamento | Negociação: Venda Online | Sit,,apartamento,olx,Araraquara,SP,2026-01-31 19:37:06,,,,,
https://sp.olx.com.br/regiao-de-ribeirao-preto/imoveis/oportunidade-unica-em-araraquara-sp-tipo-casa-negociacao-venda-online-situacao-1473601116,Oportunidade Única em ARARAQUARA - SP | Tipo: Casa | Negociação: Venda Online | Situação:,,casa,olx,Araraquara,SP,2026-01-31 19:37:06,,,,,
https://sp.olx.com.br/regiao-de-ribeirao-preto/imoveis/oportunidade-unica-em-araraquara-sp-tipo-apartamento-negociacao-venda-online-sit-1473601006,Oportunidade Única em ARARAQUARA - SP | Tipo: Apartamento | Negociação: Venda Online | Sit,,apartamento,olx,Araraquara,SP,2026-01-31 19:37:06,,,,,
https://sp.olx.com.br/regiao-de-ribeirao-preto/imoveis/maravilhoso-sobrado-com-acessibilidade-e-elevador-excelente-localizacao-1473595238,MARAVILHOSO SOBRADO COM ACESSIBILIDADE E ELEVADOR - EXCELENTE LOCALIZAÇÃO,,outro,olx,Araraquara,SP,2026-01-31 19:37:06,,,,,
https://sp.olx.com.br/regiao-de-ribeirao-preto/imoveis/casa-sobrado-com-piscina-jd-vale-das-rosas-vl-harmonia-1473595106,CASA SOBRADO COM PISCINA - JD VALE DAS ROSAS - VL HARMONIA,,casa,olx,Araraquara,SP,2026-01-31 19:37:06,,,,,
https://sp.olx.com.br/regiao-de-ribeirao-preto/imoveis/apartamento-no-centro-1473587771,Apartamento no centro,,apartamento,olx,Araraquara,SP,2026-01-31 19:37:06,,,,,
https://sp.olx.com.br/regiao-de-ribeirao-preto/imoveis/venda-de-casas-padrao-na-cidade-de-araraquara-1473587406,Venda de Casas / Padrão na cidade de Araraquara,,casa,olx,Araraquara,SP,2026-01-31 19:37:06,,,,,
https://sp.olx.com.br/regiao-de-ribeirao-preto/imoveis/venda-de-casas-padrao-na-cidade-de-araraquara-1473587399,Venda de Casas / Padrão na cidade de Araraquara,,casa,olx,Araraquara,SP,2026-01-31 19:37:06,,,,,
https://sp.olx.com.br/regiao-de-ribeirao-preto/imoveis/venda-de-apartamentos-padrao-na-cidade-de-araraquara-1473587398,Venda de Apartamentos / Padrão na cidade de Araraquara,,apartamento,olx,Araraquara,SP,2026-01-31 19:37:06,,,,,
https://sp.olx.com.br/regiao-de-ribeirao-preto/imoveis/casa-em-condominio-a-venda-parque-residencial-damha-araraquara-sp-1473586050,"CASA EM CONDOMÍNIO à venda PARQUE RESIDENCIAL DAMHA, ARARAQUARA - SP",,casa_condominio,olx,Araraquara,SP,2026-01-31 19:37:06,,,,,
https://sp.olx.com.br/regiao-de-ribeirao-preto/imoveis/casa-em-condominio-a-venda-portal-das-araucarias-araraquara-sp-portal-das-araucarias-1473585942,"CASA EM CONDOMÍNIO à venda PORTAL DAS ARAUCÁRIAS, ARARAQUARA - SP | PORTAL DAS ARAUCÁRIAS",,casa_condominio,olx,Araraquara,SP,2026-01-31 19:37:06,,,,,
https://www.olx.com.br/imoveis/venda/estado-sp/regiao-de-ribeirao-preto/araraquara?o=1,Página anterior,,outro,olx,Araraquara,SP,2026-01-31 19:37:06,,,,,
https://www.olx.com.br/imoveis/venda/estado-sp/regiao-de-ribeirao-preto/araraquara?o=3,Próxima página,,outro,olx,Araraquara,SP,2026-01-31 19:37:06,,,,,
https://www.olx.com.br/imoveis/venda/estado-sp/regiao-de-ribeirao-preto/araraquara?o=100,Última página,,outro,olx,Araraquara,SP,2026-01-31 19:37:06,,,,,
https://www.olx.com.br/imoveis/aluguel/apartamentos/estado-df/distrito-federal-e-regiao/brasilia,Alugar apartamento em Brasília,,apartamento,olx,Araraquara,SP,2026-01-31 19:37:06,,,,,
https://www.olx.com.br/imoveis/aluguel/apartamentos/estado-sp/sao-paulo-e-regiao,Alugar apartamento em São Paulo,,apartamento,olx,Araraquara,SP,2026-01-31 19:37:06,,,,,
https://www.olx.com.br/imoveis/aluguel/apartamentos/estado-sc/florianopolis-e-regiao,Aluguel apartamento em Florianópolis,,apartamento,olx,Araraquara,SP,2026-01-31 19:37:06,,,,,
https://www.olx.com.br/imoveis/imoveis/aluguel/apartamentos/estado-rj/rio-de-janeiro-e-regiao,Aluguel apartamento em Rio de Janeiro,,apartamento,olx,Araraquara,SP,2026-01-31 19:37:06,,,,,
https://www.olx.com.br/imoveis/aluguel/apartamentos/estado-am/regiao-de-manaus/manaus,Aluguel apartamento em Manaus,,apartamento,olx,Araraquara,SP,2026-01-31 19:37:06,,,,,
https://www.olx.com.br/imoveis/venda/apartamentos/estado-mg/belo-horizonte-e-regiao,Apartamento à venda em Belo Horizonte,,apartamento,olx,Araraquara,SP,2026-01-31 19:37:06,,,,,
https://www.olx.com.br/imoveis/venda/apartamentos/estado-pr/regiao-de-curitiba-e-paranagua,Apartamento à venda em Curitiba,,apartamento,olx,Araraquara,SP,2026-01-31 19:37:06,,,,,
https://www.olx.com.br/imoveis/venda/apartamentos/estado-ce/fortaleza-e-regiao/fortaleza,Apartamento à venda em Fortaleza,,apartamento,olx,Araraquara,SP,2026-01-31 19:37:06,,,,,
https://www.olx.com.br/imoveis/venda/apartamentos/estado-go/grande-goiania-e-anapolis,Apartamento à venda em Goiânia,,apartamento,olx,Araraquara,SP,2026-01-31 19:37:06,,,,,
https://www.olx.com.br/imoveis/venda/apartamentos/estado-al/alagoas/maceio,Apartamento à venda em Maceió,,apartamento,olx,Araraquara,SP,2026-01-31 19:37:06,,,,,
https://www.olx.com.br/imoveis/venda/apartamentos/estado-sc/florianopolis-e-regiao,Apartamento à venda Florianópolis,,apartamento,olx,Araraquara,SP,2026-01-31 19:37:06,,,,,
https://www.olx.com.br/imoveis/venda/apartamentos/estado-sc/norte-de-santa-catarina/regiao-de-joinville-e-norte-do-estado/joinville,Apartamento à venda Joinville,,apartamento,olx,Araraquara,SP,2026-01-31 19:37:06,,,,,
https://www.olx.com.br/imoveis/venda/apartamentos/estado-rj/rio-de-janeiro-e-regiao,Apartamento à venda Rio de Janeiro,,apartamento,olx,Araraquara,SP,2026-01-31 19:37:06,,,,,
https://www.olx.com.br/imoveis/venda/apartamentos/estado-sp/sao-paulo-e-regiao,Apartamento à venda São Paulo,,apartamento,olx,Araraquara,SP,2026-01-31 19:37:06,,,,,
https://www.olx.com.br/imoveis/aluguel/apartamentos/estado-mg/belo-horizonte-e-regiao,Apartamento para alugar em Belo Horizonte,,apartamento,olx,Araraquara,SP,2026-01-31 19:37:06,,,,,
https://www.olx.com.br/imoveis/aluguel/apartamentos/estado-pr/regiao-de-curitiba-e-paranagua,Apartamento para alugar em Curitiba,,apartamento,olx,Araraquara,SP,2026-01-31 19:37:06,,,,,
https://www.olx.com.br/imoveis/aluguel/apartamentos/estado-go/grande-goiania-e-anapolis,Apartamento para alugar em Goiânia,,apartamento,olx,Araraquara,SP,2026-01-31 19:37:06,,,,,
https://www.olx.com.br/imoveis/aluguel/apartamentos/estado-pe/grande-recife/recife,Apartamento para alugar em Recife,,apartamento,olx,Araraquara,SP,2026-01-31 19:37:06,,,,,
https://www.olx.com.br/imoveis/aluguel/apartamentos/estado-ba/grande-salvador/salvador,Apartamento para alugar em Salvador,,apartamento,olx,Araraquara,SP,2026-01-31 19:37:06,,,,,
https://www.olx.com.br/imoveis/aluguel/apartamentos/estado-sc/norte-de-santa-catarina/regiao-de-joinville-e-norte-do-estado/joinville,Apartamento para alugar em Joinville,,apartamento,olx,Araraquara,SP,2026-01-31 19:37:06,,,,,
https://www.olx.com.br/imoveis/venda/apartamentos/estado-ba/grande-salvador/salvador,Apartamento para comprar em Salvador,,apartamento,olx,Araraquara,SP,2026-01-31 19:37:06,,,,,
https://www.olx.com.br/imoveis/venda/apartamentos/estado-se/sergipe/aracaju,Apartamento à venda em Aracajú,,apartamento,olx,Araraquara,SP,2026-01-31 19:37:06,,,,,
https://www.olx.com.br/imoveis/venda/apartamentos/estado-am/regiao-de-manaus/manaus,Apartamento à venda em Manaus,,apartamento,olx,Araraquara,SP,2026-01-31 19:37:06,,,,,
https://www.olx.com.br/imoveis/venda/apartamentos/estado-df/distrito-federal-e-regiao/brasilia,Comprar apartamento em Brasília,,apartamento,olx,Araraquara,SP,2026-01-31 19:37:06,,,,,
https://www.olx.com.br/imoveis/venda/apartamentos/estado-pe/grande-recife/recife,Comprar apartamento Recife,,apartamento,olx,Araraquara,SP,2026-01-31 19:37:06,,,,,
https://www.olx.com.br/imoveis/aluguel/casas/estado-rj/rio-de-janeiro-e-regiao,Casas para alugar Rio de Janeiro,,casa,olx,Araraquara,SP,2026-01-31 19:37:06,,,,,
https://www.olx.com.br/imoveis/venda/casas/estado-rj/rio-de-janeiro-e-regiao,Casas à venda Rio de Janeiro,,casa,olx,Araraquara,SP,2026-01-31 19:37:06,,,,,
https://www.olx.com.br/imoveis/aluguel/casas/estado-sp/sao-paulo-e-regiao,Casas para alugar São Paulo,,casa,olx,Araraquara,SP,2026-01-31 19:37:06,,,,,
https://www.olx.com.br/imoveis/venda/casas/estado-sp/sao-paulo-e-regiao,Casas à venda São Paulo,,casa,olx,Araraquara,SP,2026-01-31 19:37:06,,,,,
https://www.olx.com.br/imoveis/aluguel/casas/estado-pr/regiao-de-curitiba-e-paranagua,Casas para alugar Curitiba,,casa,olx,Araraquara,SP,2026-01-31 19:37:06,,,,,
https://www.olx.com.br/imoveis/venda/casas/estado-pr/regiao-de-curitiba-e-paranagua,Casas à venda em Curitiba,,casa,olx,Araraquara,SP,2026-01-31 19:37:06,,,,,
https://www.olx.com.br/imoveis/aluguel/casas/estado-mg/belo-horizonte-e-regiao,Casas para alugar em Belo Horizonte,,casa,olx,Araraquara,SP,2026-01-31 19:37:06,,,,,
https://www.olx.com.br/imoveis/venda/casas/estado-mg/belo-horizonte-e-regiao,Casas à venda em Belo Horizonte,,casa,olx,Araraquara,SP,2026-01-31 19:37:06,,,,,
https://www.olx.com.br/imoveis/aluguel/casas/estado-df/distrito-federal-e-regiao,Aluguel de casas Distrito Federal,,casa,olx,Araraquara,SP,2026-01-31 19:37:06,,,,,
https://www.olx.com.br/imoveis/venda/casas/estado-df/distrito-federal-e-regiao/brasilia,Casas à venda Brasília,,casa,olx,Araraquara,SP,2026-01-31 19:37:06,,,,,
https://www.olx.com.br/imoveis/aluguel/casas/estado-go/grande-goiania-e-anapolis,Casas para alugar Goiânia,,casa,olx,Araraquara,SP,2026-01-31 19:37:06,,,,,
https://www.olx.com.br/imoveis/venda/casas/estado-go/grande-goiania-e-anapolis,Casas à venda em Goiânia,,casa,olx,Araraquara,SP,2026-01-31 19:37:06,,,,,
https://www.olx.com.br/imoveis/aluguel/casas/estado-sc/norte-de-santa-catarina/regiao-de-joinville-e-norte-do-estado/joinville,Casas para alugar Joinville,,casa,olx,Araraquara,SP,2026-01-31 19:37:06,,,,,
https://www.olx.com.br/imoveis/venda/casas/estado-sc/norte-de-santa-catarina/regiao-de-joinville-e-norte-do-estado/joinville,Casas à venda em Joinville,,casa,olx,Araraquara,SP,2026-01-31 19:37:06,,,,,
https://www.olx.com.br/imoveis/aluguel/casas/estado-pe/grande-recife/recife,Casa pra alugar em Recife,,casa,olx,Araraquara,SP,2026-01-31 19:37:06,,,,,
https://www.olx.com.br/imoveis/aluguel/casas/estado-sc/florianopolis-e-regiao,Aluguel casa Florianópolis,,casa,olx,Araraquara,SP,2026-01-31 19:37:06,,,,,
https://www.olx.com.br/imoveis/venda/casas/estado-sc/florianopolis-e-regiao,Casas à venda em Florianópolis,,casa,olx,Araraquara,SP,2026-01-31 19:37:06,,,,,
https://www.olx.com.br/imoveis/aluguel/casas/estado-ba/grande-salvador/salvador,Casas para alugar em Salvador,,casa,olx,Araraquara,SP,2026-01-31 19:37:06,,,,,
https://www.olx.com.br/imoveis/venda/casas/estado-ba/grande-salvador/salvador,Casas à venda em Salvador,,casa,olx,Araraquara,SP,2026-01-31 19:37:06,,,,,
https://www.olx.com.br/imoveis/venda/casas/estado-am/regiao-de-manaus/manaus,Casas à venda em Manaus,,casa,olx,Araraquara,SP,2026-01-31 19:37:06,,,,,
https://www.olx.com.br/imoveis/aluguel/casas/estado-ce/fortaleza-e-regiao/fortaleza,Aluguel de casas em Fortaleza,,casa,olx,Araraquara,SP,2026-01-31 19:37:06,,,,,
https://www.olx.com.br/imoveis/venda/casas/estado-ba/grande-salvador/grande-salvador/camacari,Casas à venda em Camaçari,,casa,olx,Araraquara,SP,2026-01-31 19:37:06,,,,,
https://www.olx.com.br/imoveis/aluguel/casas/estado-rs/regioes-de-porto-alegre-torres-e-santa-cruz-do-sul,Casas para alugar Porto Alegre,,casa,olx,Araraquara,SP,2026-01-31 19:37:06,,,,,
https://www.olx.com.br/imoveis/venda/casas/estado-rs/regioes-de-porto-alegre-torres-e-santa-cruz-do-sul,Casas à venda em Porto Alegre,,casa,olx,Araraquara,SP,2026-01-31 19:37:06,,,,,
https://www.olx.com.br/imoveis/venda/casas/estado-sp/sao-paulo-e-regiao/outras-cidades/osasco,Casas a venda em Osasco,,casa,olx,Araraquara,SP,2026-01-31 19:37:06,,,,,
https://www.olx.com.br/imoveis/aluguel/estado-mg/belo-horizonte-e-regiao,Alugar imóvel em Belo Horizonte,,outro,olx,Araraquara,SP,2026-01-31 19:37:06,,,,,
https://www.olx.com.br/imoveis/venda/casas/estado-sp/sao-paulo-e-regiao,Alugar imóvel em São Paulo,,outro,olx,Araraquara,SP,2026-01-31 19:37:06,,,,,
https://www.olx.com.br/imoveis/aluguel/apartamentos/estado-rj/rio-de-janeiro-e-regiao,Alugar imóvel no Rio de Janeiro,,outro,olx,Araraquara,SP,2026-01-31 19:37:06,,,,,
https://www.olx.com.br/imoveis/aluguel/apartamentos/estado-sp/grande-campinas/regiao-de-campinas/campinas,Apartamento para alugar em Campinas,,apartamento,olx,Araraquara,SP,2026-01-31 19:37:06,,,,,
https://www.olx.com.br/imoveis/venda/apartamentos/estado-sp/sao-paulo-e-regiao/abcd/santo-andre,Apartamento para alugar Santo André,,apartamento,olx,Araraquara,SP,2026-01-31 19:37:06,,,,,
https://www.olx.com.br/imoveis/venda/apartamentos/estado-sp/grande-campinas,Apartamento à venda em Campinas,,apartamento,olx,Araraquara,SP,2026-01-31 19:37:06,,,,,
https://www.olx.com.br/imoveis/venda/apartamentos/estado-sp/sao-paulo-e-regiao/outras-cidades/guarulhos,Apartamentos à venda em Guarulhos,,apartamento,olx,Araraquara,SP,2026-01-31 19:37:06,,,,,
https://www.olx.com.br/imoveis/venda/apartamentos/estado-rj/rio-de-janeiro-e-regiao/niteroi,Apartamentos à venda em Niterói,,apartamento,olx,Araraquara,SP,2026-01-31 19:37:06,,,,,
https://www.olx.com.br/imoveis/aluguel/apartamentos/estado-sc/norte-de-santa-catarina/regiao-do-vale-do-itajai/balneario-camboriu,Apartamentos para alugar em Balneário Camboriú,,apartamento,olx,Araraquara,SP,2026-01-31 19:37:06,,,,,
https://www.olx.com.br/imoveis/aluguel/apartamentos/estado-sc/norte-de-santa-catarina/regiao-do-vale-do-itajai/itapema,Apartamentos para alugar em Itapema,,apartamento,olx,Araraquara,SP,2026-01-31 19:37:06,,,,,
https://www.olx.com.br/imoveis/aluguel/apartamentos/estado-pr/regiao-de-londrina/regiao-de-londrina/londrina,Apartamentos para alugar em Londrina,,apartamento,olx,Araraquara,SP,2026-01-31 19:37:06,,,,,
https://www.olx.com.br/imoveis/aluguel/apartamentos/estado-sp/baixada-santista-e-litoral-sul/regiao-de-santos/praia-grande,Apartamentos para alugar em Praia Grande,,apartamento,olx,Araraquara,SP,2026-01-31 19:37:06,,,,,
https://www.olx.com.br/imoveis/aluguel/apartamentos/estado-sp/regiao-de-ribeirao-preto/regiao-de-ribeirao-preto/ribeirao-preto,Apartamentos para alugar em Ribeirão Preto,,apartamento,olx,Araraquara,SP,2026-01-31 19:37:06,,,,,
https://www.olx.com.br/imoveis/https://www.olx.com.br/imoveis/aluguel/apartamentos/estado-sp/vale-do-paraiba-e-litoral-norte/vale-do-paraiba/sao-jose-dos-campos,Apartamentos para alugar em São José dos Campos,,apartamento,olx,Araraquara,SP,2026-01-31 19:37:06,,,,,
https://www.olx.com.br/imoveis/venda/casas/estado-sp/grande-campinas/regiao-de-campinas/campinas,Casas à venda em Campinas,,casa,olx,Araraquara,SP,2026-01-31 19:37:06,,,,,
https://www.olx.com.br/imoveis/venda/casas/estado-sp/sao-paulo-e-regiao/outras-cidades/guarulhos,Casas à venda em Guarulhos,,casa,olx,Araraquara,SP,2026-01-31 19:37:06,,,,,
https://www.olx.com.br/imoveis/aluguel/casas/estado-sp/sao-paulo-e-regiao/outras-cidades/barueri,Casas para alugar em Barueri,,casa,olx,Araraquara,SP,2026-01-31 19:37:06,,,,,
https://www.olx.com.br/imoveis/aluguel/casas/estado-pr/regiao-de-londrina/regiao-de-londrina/londrina,Casas para alugar em Londrina,,casa,olx,Araraquara,SP,2026-01-31 19:37:06,,,,,
https://www.olx.com.br/imoveis/aluguel/casas/estado-rj/rio-de-janeiro-e-regiao/niteroi,Casas para alugar em Niterói,,casa,olx,Araraquara,SP,2026-01-31 19:37:06,,,,,
https://www.olx.com.br/imoveis/aluguel/casas/estado-sp/regiao-de-ribeirao-preto/regiao-de-ribeirao-preto/ribeirao-preto,Casas para alugar em Ribeirão Preto,,casa,olx,Araraquara,SP,2026-01-31 19:37:06,,,,,
https://www.olx.com.br/imoveis/aluguel/casas/estado-sp/sao-paulo-e-regiao/abcd/sao-caetano-do-sul,Casas para alugar em São Caetano do Sul,,casa,olx,Araraquara,SP,2026-01-31 19:37:06,,,,,
https://www.olx.com.br/imoveis/aluguel/casas/estado-sp/vale-do-paraiba-e-litoral-norte/vale-do-paraiba/sao-jose-dos-campos,Casas para alugar em São José dos Campos,,casa,olx,Araraquara,SP,2026-01-31 19:37:06,,,,,
https://www.olx.com.br/imoveis/venda/estado-mg/belo-horizonte-e-regiao/grande-belo-horizonte,Comprar imóvel em Belo Horizonte,,outro,olx,Araraquara,SP,2026-01-31 19:37:06,,,,,
https://www.olx.com.br/imoveis/venda/casas/estado-rj/rio-de-janeiro-e-regiao/mangaratiba,Casas à venda em Mangaratiba,,casa,olx,Araraquara,SP,2026-01-31 19:37:06,,,,,
https://www.olx.com.br/imoveis/aluguel/casas/estado-sp/regiao-de-sao-jose-do-rio-preto,Casas para alugar em São José do Rio Preto,,casa,olx,Araraquara,SP,2026-01-31 19:37:06,,,,,
https://www.olx.com.br/imoveis/venda/estado-sp/regiao-de-ribeirao-preto,Na minha região,,outro,olx,Araraquara,SP,2026-01-31 19:37:20,,,,,
https://www.olx.com.br/imoveis/venda/estado-sp,No meu estado,,outro,olx,Araraquara,SP,2026-01-31 19:37:20,,,,,
https://www.olx.com.br/imoveis/venda,Em todo Brasil,,outro,olx,Araraquara,SP,2026-01-31 19:37:20,,,,,
https://www.olx.com.br/imoveis/venda/estado-sp/regiao-de-ribeirao-preto,DDD 16 - Ribeirão Preto e região,,outro,olx,Araraquara,SP,2026-01-31 19:37:20,,,,,
https://www.olx.com.br/imoveis/venda/estado-sp/regiao-de-ribeirao-preto/araraquara,Araraquara,,outro,olx,Araraquara,SP,2026-01-31 19:37:20,,,,,
https://www.olx.com.br/imoveis/venda/estado-sp/regiao-de-ribeirao-preto,DDD 16 - Ribeirão Preto e região,,outro,olx,Araraquara,SP,2026-01-31 19:37:20,,,,,
https://www.olx.com.br/imoveis/venda/estado-sp/regiao-de-ribeirao-preto/araraquara,Araraquara,,outro,olx,Araraquara,SP,2026-01-31 19:37:20,,,,,
https://sp.olx.com.br/regiao-de-ribeirao-preto/imoveis/apartamento-com-2-dormitorios-a-venda-58-m-por-r-330-000-jardim-botanico-araraquara-1473583755,"Apartamento com 2 dormitórios à venda, 58 m² por R$ 330.000 - Jardim Botânico - Araraquara",,apartamento,olx,Araraquara,SP,2026-01-31 19:37:20,,,,,58.0
https://sp.olx.com.br/regiao-de-ribeirao-preto/imoveis/casa-com-1-dormitorio-a-venda-41-m-por-r-97-778-11-jardim-maria-luiza-iv-araraquara-1473583081,"Casa com 1 dormitório à venda, 41 m² por R$ 97.778,11 - Jardim Maria Luiza IV - Araraquara",97778.11,casa,olx,Araraquara,SP,2026-01-31 19:37:20,,,,,41.0
https://sp.olx.com.br/regiao-de-ribeirao-preto/imoveis/apartamento-com-2-dormitorios-a-venda-44-m-por-r-89-575-84-jardim-santa-clara-vila-x-1473582889,"Apartamento com 2 dormitórios à venda, 44 m² por R$ 89.575,84 - Jardim Santa Clara (Vila X",89575.84,apartamento,olx,Araraquara,SP,2026-01-31 19:37:20,,,,,44.0
https://sp.olx.com.br/regiao-de-ribeirao-preto/imoveis/apartamento-com-excelente-localizacao-proximo-a-supermercados-e-comercios-1473577633,"Apartamento com excelente localização, próximo a supermercados e comércios.",,apartamento,olx,Araraquara,SP,2026-01-31 19:37:20,,,,,
https://sp.olx.com.br/regiao-de-ribeirao-preto/imoveis/apartamento-padrao-em-araraquara-1473577212,Apartamento Padrão em Araraquara,,apartamento,olx,Araraquara,SP,2026-01-31 19:37:20,,,,,
https://sp.olx.com.br/regiao-de-ribeirao-preto/imoveis/apartamento-padrao-em-araraquara-1473577156,Apartamento Padrão em Araraquara,,apartamento,olx,Araraquara,SP,2026-01-31 19:37:20,,,,,
https://sp.olx.com.br/regiao-de-ribeirao-preto/imoveis/casa-em-condominio-fechado-com-excelente-localizacao-1473577104,"Casa em condomínio fechado, com excelente localização.",,casa_condominio,olx,Araraquara,SP,2026-01-31 19:37:20,,,,,
https://sp.olx.com.br/regiao-de-ribeirao-preto/imoveis/leilao-araraquara-sp-apartamento-1470640962,Leilão - ARARAQUARA/SP - APARTAMENTO,,apartamento,olx,Araraquara,SP,2026-01-31 19:37:20,,,,,
https://sp.olx.com.br/regiao-de-ribeirao-preto/imoveis/casa-de-condominio-para-venda-possui-230-metros-quadrados-1464481993,Casa de condomínio para venda possui 230 metros quadrados,,casa_condominio,olx,Araraquara,SP,2026-01-31 19:37:20,,,,,
https://sp.olx.com.br/regiao-de-ribeirao-preto/imoveis/apartamento-proximo-a-vaz-filho-1473554584,Apartamento próximo à Vaz Filho,,apartamento,olx,Araraquara,SP,2026-01-31 19:37:20,,,,,
https://sp.olx.com.br/regiao-de-ribeirao-preto/imoveis/oportunidade-unica-em-araraquara-sp-tipo-casa-negociacao-venda-online-situacao-1473519334,Oportunidade Única em ARARAQUARA - SP | Tipo: Casa | Negociação: Venda Online | Situação:,,casa,olx,Araraquara,SP,2026-01-31 19:37:20,,,,,
https://sp.olx.com.br/regiao-de-ribeirao-preto/imoveis/imovel-amplo-e-versatil-no-jardim-primavera-conforto-estrutura-completa-e-potencial-come-1473510077,"Imóvel Amplo e Versátil no Jardim Primavera: Conforto, Estrutura Completa e Potencial Come",,outro,olx,Araraquara,SP,2026-01-31 19:37:20,,,,,
https://sp.olx.com.br/regiao-de-ribeirao-preto/imoveis/chacara-de-4000m-com-duas-casas-piscina-e-muito-verde-1453350858,"Chácara de 4000m² com duas casas, piscina e muito verde",,casa,olx,Araraquara,SP,2026-01-31 19:37:20,,,,,4000.0
https://sp.olx.com.br/regiao-de-ribeirao-preto/imoveis/casa-com-salao-comercial-1454211746,Casa com salão  comercial,,casa,olx,Araraquara,SP,2026-01-31 19:37:20,,,,,
https://sp.olx.com.br/regiao-de-ribeirao-preto/imoveis/venda-casa-no-condominio-veredas-do-campo-araraquara-3-quartos-1-suite-1473432570,"Venda: Casa no Condomínio Veredas do Campo, Araraquara  3 Quartos, 1 suíte",,casa_condominio,olx,Araraquara,SP,2026-01-31 19:37:20,,Venda: Casa no Condomínio Veredas do Campo,"Venda: Casa no Condomínio Veredas do Campo, Araraquara",,
https://sp.olx.com.br/regiao-de-ribeirao-preto/imoveis/apartamento-alto-padrao-em-araraquara-3-suites-1466031474,Apartamento Alto Padrão em Araraquara 3 suites,,apartamento,olx,Araraquara,SP,2026-01-31 19:37:20,,,,,
https://sp.olx.com.br/regiao-de-ribeirao-preto/imoveis/venda-casa-de-condominio-araraquara-residencial-parque-atlanta-1473419147,Venda-Casa de condomínio-Araraquara-Residencial Parque Atlanta,,casa_condominio,olx,Araraquara,SP,2026-01-31 19:37:20,,,,,
https://sp.olx.com.br/regiao-de-ribeirao-preto/imoveis/vendo-casa-piemonte-troco-por-apartamento-1429965465,Vendo Casa Piemonte troco por Apartamento,,apartamento,olx,Araraquara,SP,2026-01-31 19:37:20,,,,,
https://sp.olx.com.br/regiao-de-ribeirao-preto/imoveis/casa-de-condominio-em-rua-jose-maria-paixao-parque-laranjeiras-araraquara-sp-1473373481,Casa de condomínio em Rua José Maria Paixão - Parque Laranjeiras - Araraquara/SP,,casa_condominio,olx,Araraquara,SP,2026-01-31 19:37:20,,,,,
https://sp.olx.com.br/regiao-de-ribeirao-preto/imoveis/casa-em-rua-tenente-joaquim-nunes-cabral-centro-araraquara-sp-1473373104,Casa em Rua Tenente Joaquim Nunes Cabral - Centro - Araraquara/SP,,casa,olx,Araraquara,SP,2026-01-31 19:37:20,,,,,
https://sp.olx.com.br/regiao-de-ribeirao-preto/imoveis/apartamento-em-rua-doutor-giuseppe-aufiero-sobrinho-jardim-residencial-elvio-lupo-arar-1473371033,Apartamento em Rua Doutor Giuseppe Aufiero Sobrinho - Jardim Residencial Elvio Lupo - Arar,,apartamento,olx,Araraquara,SP,2026-01-31 19:37:20,,,,,
https://sp.olx.com.br/regiao-de-ribeirao-preto/imoveis/casa-de-condominio-em-rua-e-quinta-do-salto-residence-araraquara-sp-1473370086,Casa de condomínio em Rua E - Quinta do Salto Residence - Araraquara/SP,,casa_condominio,olx,Araraquara,SP,2026-01-31 19:37:20,,,,,
https://sp.olx.com.br/regiao-de-ribeirao-preto/imoveis/casa-de-condominio-em-avenida-deputado-federal-mario-eugenio-parque-residencial-damha-1473369669,Casa de condomínio em Avenida Deputado Federal Mário Eugênio - Parque Residencial Damha -,,casa_condominio,olx,Araraquara,SP,2026-01-31 19:37:20,,,,,
https://sp.olx.com.br/regiao-de-ribeirao-preto/imoveis/casa-de-condominio-em-avenida-oswaldo-goncalves-de-jesus-condominio-buona-vita-araraqu-1473369406,Casa de condomínio em Avenida Oswaldo Gonçalves de Jesus - Condomínio Buona Vita - Araraqu,,casa_condominio,olx,Araraquara,SP,2026-01-31 19:37:20,,,,,
https://sp.olx.com.br/regiao-de-ribeirao-preto/imoveis/casa-em-alameda-rogerio-pinto-ferraz-jardim-primavera-araraquara-sp-1473369218,Casa em Alameda Rogério Pinto Ferraz - Jardim Primavera - Araraquara/SP,,casa,olx,Araraquara,SP,2026-01-31 19:37:20,,,,,
https://sp.olx.com.br/regiao-de-ribeirao-preto/imoveis/casa-de-condominio-em-avenida-deputado-federal-mario-eugenio-parque-residencial-damha-1473368857,Casa de condomínio em Avenida Deputado Federal Mário Eugênio - Parque Residencial Damha -,,casa_condominio,olx,Araraquara,SP,2026-01-31 19:37:20,,,,,
https://sp.olx.com.br/regiao-de-ribeirao-preto/imoveis/casa-em-rua-maria-terezinha-castelo-branco-cruz-parque-igacaba-araraquara-sp-1473368292,Casa em Rua Maria Terezinha Castelo Branco Cruz - Parque Igaçaba - Araraquara/SP,,casa,olx,Araraquara,SP,2026-01-31 19:37:20,,,,,
https://sp.olx.com.br/regiao-de-ribeirao-preto/imoveis/casa-de-condominio-em-avenida-luiz-dosualdo-jardim-imperador-araraquara-sp-1473368068,Casa de condomínio em Avenida Luiz Dosualdo - Jardim Imperador - Araraquara/SP,,casa_condominio,olx,Araraquara,SP,2026-01-31 19:37:20,,,,,
https://sp.olx.com.br/regiao-de-ribeirao-preto/imoveis/casa-de-condominio-em-avenida-oswaldo-goncalves-de-jesus-condominio-buona-vita-araraqu-1473367978,Casa de condomínio em Avenida Oswaldo Gonçalves de Jesus - Condomínio Buona Vita - Araraqu,,casa_condominio,olx,Araraquara,SP,2026-01-31 19:37:20,,,,,
https://sp.olx.com.br/regiao-de-ribeirao-preto/imoveis/apartamento-em-avenida-doutor-leite-de-moraes-vila-xavier-vila-xavier-araraquara-sp-1473367351,Apartamento em Avenida Doutor Leite de Moraes - Vila Xavier (Vila Xavier) - Araraquara/SP,,apartamento,olx,Araraquara,SP,2026-01-31 19:37:20,,,,,
https://sp.olx.com.br/regiao-de-ribeirao-preto/imoveis/casa-de-condominio-em-avenida-deputado-federal-mario-eugenio-parque-residencial-damha-1473366096,Casa de condomínio em Avenida Deputado Federal Mário Eugênio - Parque Residencial Damha -,,casa_condominio,olx,Araraquara,SP,2026-01-31 19:37:20,,,,,
https://sp.olx.com.br/regiao-de-ribeirao-preto/imoveis/casa-de-condominio-em-avenida-deputado-federal-mario-eugenio-parque-residencial-damha-1473366089,Casa de condomínio em Avenida Deputado Federal Mário Eugênio - Parque Residencial Damha -,,casa_condominio,olx,Araraquara,SP,2026-01-31 19:37:20,,,,,
https://sp.olx.com.br/regiao-de-ribeirao-preto/imoveis/casa-em-avenida-alvaro-ferrari-jardim-residencial-lupo-ii-araraquara-sp-1473365531,Casa em Avenida Álvaro Ferrari - Jardim Residencial Lupo II - Araraquara/SP,,casa,olx,Araraquara,SP,2026-01-31 19:37:20,,,,,
https://sp.olx.com.br/regiao-de-ribeirao-preto/imoveis/casa-em-avenida-antonio-alves-araujo-parque-igacaba-araraquara-sp-1473365498,Casa em Avenida Antonio Alves Araujo - Parque Igaçaba - Araraquara/SP,,casa,olx,Araraquara,SP,2026-01-31 19:37:20,,,,,
https://sp.olx.com.br/regiao-de-ribeirao-preto/imoveis/casa-a-venda-em-araraquara-avenida-francisco-dias-1427441817,Casa à venda em Araraquara - Avenida Francisco Dias,,casa,olx,Araraquara,SP,2026-01-31 19:37:20,,,,,
https://sp.olx.com.br/regiao-de-ribeirao-preto/imoveis/apartamento-a-venda-na-vila-xavier-2-dormitorios-araraquara-1473337874,Apartamento à venda na Vila Xavier  2 dormitórios - Araraquara,,apartamento,olx,Araraquara,SP,2026-01-31 19:37:20,,,,,
https://sp.olx.com.br/regiao-de-ribeirao-preto/imoveis/casa-com-3-dormitorios-e-edicula-a-venda-por-r-315-000-centro-araraquara-sp-1473327767,Casa com 3 dormitórios e edicula à venda por R$ 315.000 - Centro - Araraquara/SP,,casa,olx,Araraquara,SP,2026-01-31 19:37:20,,,,,
https://sp.olx.com.br/regiao-de-ribeirao-preto/imoveis/venda-de-apartamentos-padrao-na-cidade-de-araraquara-1473310421,Venda de Apartamentos / Padrão na cidade de Araraquara,,apartamento,olx,Araraquara,SP,2026-01-31 19:37:20,,,,,
https://sp.olx.com.br/regiao-de-ribeirao-preto/imoveis/venda-de-casas-padrao-na-cidade-de-araraquara-1473310376,Venda de Casas / Padrão na cidade de Araraquara,,casa,olx,Araraquara,SP,2026-01-31 19:37:20,,,,,
https://sp.olx.com.br/regiao-de-ribeirao-preto/imoveis/venda-de-casas-padrao-na-cidade-de-araraquara-1473310218,Venda de Casas / Padrão na cidade de Araraquara,,casa,olx,Araraquara,SP,2026-01-31 19:37:20,,,,,
https://sp.olx.com.br/regiao-de-ribeirao-preto/imoveis/venda-de-apartamentos-padrao-na-cidade-de-araraquara-1473310030,Venda de Apartamentos / Padrão na cidade de Araraquara,,apartamento,olx,Araraquara,SP,2026-01-31 19:37:20,,,,,
https://sp.olx.com.br/regiao-de-ribeirao-preto/imoveis/apartamento-a-venda-no-bairro-vila-melhado-araraquara-sp-1473307473,Apartamento à venda no bairro Vila Melhado - Araraquara/SP,,apartamento,olx,Araraquara,SP,2026-01-31 19:37:20,,,,,
https://sp.olx.com.br/regiao-de-ribeirao-preto/imoveis/apartamento-terreo-a-venda-araraquara-sp-1473286503,"Apartamento térreo á venda, Araraquara/SP",,apartamento,olx,Araraquara,SP,2026-01-31 19:37:20,,Apartamento térreo á venda,"Apartamento térreo á venda, Araraquara",,
https://sp.olx.com.br/regiao-de-ribeirao-preto/imoveis/casa-para-venda-e-locacao-parque-residencial-damha-araraquara-sp-1473285065,"Casa para venda e locação, Parque Residencial Damha, Araraquara, SP",,casa,olx,Araraquara,SP,2026-01-31 19:37:20,,Parque Residencial Damha," Parque Residencial Damha, Araraquara",,
https://sp.olx.com.br/regiao-de-ribeirao-preto/imoveis/casa-padrao-em-araraquara-1473276176,Casa Padrão em Araraquara,,casa,olx,Araraquara,SP,2026-01-31 19:37:20,,,,,
https://sp.olx.com.br/regiao-de-ribeirao-preto/imoveis/casa-com-boa-localizacao-proximo-a-escolas-e-creches-1473276184,"Casa com boa localização, próximo a escolas e creches.",,casa,olx,Araraquara,SP,2026-01-31 19:37:20,,,,,
https://sp.olx.com.br/regiao-de-ribeirao-preto/imoveis/apartamento-terreo-com-02-dormitorios-repleto-de-moveis-planejados-no-riacho-doce-1473276137,"Apartamento térreo com 02 dormitórios, repleto de móveis planejados no Riacho Doce.",,apartamento,olx,Araraquara,SP,2026-01-31 19:37:20,,,,,
https://sp.olx.com.br/regiao-de-ribeirao-preto/imoveis/casa-com-otima-localizacao-a-5-minutos-do-centro-da-cidade-1473276147,"Casa com ótima localização, a 5 minutos do centro da cidade.",,casa,olx,Araraquara,SP,2026-01-31 19:37:20,,,,,
https://sp.olx.com.br/regiao-de-ribeirao-preto/imoveis/apartamento-padrao-em-araraquara-1473276018,Apartamento Padrão em Araraquara,,apartamento,olx,Araraquara,SP,2026-01-31 19:37:20,,,,,
https://sp.olx.com.br/regiao-de-ribeirao-preto/imoveis/sobrado-com-4-quartos-a-venda-em-centro-sp-1473168949,Sobrado com 4 quartos à venda em Centro - SP,,outro,olx,Araraquara,SP,2026-01-31 19:37:20,4.0,,,,
https://www.olx.com.br/imoveis/venda/estado-sp/regiao-de-ribeirao-preto/araraquara?o=2,Página anterior,,outro,olx,Araraquara,SP,2026-01-31 19:37:20,,,,,
https://www.olx.com.br/imoveis/venda/estado-sp/regiao-de-ribeirao-preto/araraquara?o=4,Próxima página,,outro,olx,Araraquara,SP,2026-01-31 19:37:20,,,,,
https://www.olx.com.br/imoveis/venda/estado-sp/regiao-de-ribeirao-preto/araraquara?o=100,Última página,,outro,olx,Araraquara,SP,2026-01-31 19:37:20,,,,,
https://www.olx.com.br/imoveis/aluguel/apartamentos/estado-df/distrito-federal-e-regiao/brasilia,Alugar apartamento em Brasília,,apartamento,olx,Araraquara,SP,2026-01-31 19:37:20,,,,,
https://www.olx.com.br/imoveis/aluguel/apartamentos/estado-sp/sao-paulo-e-regiao,Alugar apartamento em São Paulo,,apartamento,olx,Araraquara,SP,2026-01-31 19:37:20,,,,,
https://www.olx.com.br/imoveis/aluguel/apartamentos/estado-sc/florianopolis-e-regiao,Aluguel apartamento em Florianópolis,,apartamento,olx,Araraquara,SP,2026-01-31 19:37:20,,,,,
https://www.olx.com.br/imoveis/imoveis/aluguel/apartamentos/estado-rj/rio-de-janeiro-e-regiao,Aluguel apartamento em Rio de Janeiro,,apartamento,olx,Araraquara,SP,2026-01-31 19:37:20,,,,,
https://www.olx.com.br/imoveis/aluguel/apartamentos/estado-am/regiao-de-manaus/manaus,Aluguel apartamento em Manaus,,apartamento,olx,Araraquara,SP,2026-01-31 19:37:20,,,,,
https://www.olx.com.br/imoveis/venda/apartamentos/estado-mg/belo-horizonte-e-regiao,Apartamento à venda em Belo Horizonte,,apartamento,olx,Araraquara,SP,2026-01-31 19:37:20,,,,,
https://www.olx.com.br/imoveis/venda/apartamentos/estado-pr/regiao-de-curitiba-e-paranagua,Apartamento à venda em Curitiba,,apartamento,olx,Araraquara,SP,2026-01-31 19:37:20,,,,,
https://www.olx.com.br/imoveis/venda/apartamentos/estado-ce/fortaleza-e-regiao/fortaleza,Apartamento à venda em Fortaleza,,apartamento,olx,Araraquara,SP,2026-01-31 19:37:20,,,,,
https://www.olx.com.br/imoveis/venda/apartamentos/estado-go/grande-goiania-e-anapolis,Apartamento à venda em Goiânia,,apartamento,olx,Araraquara,SP,2026-01-31 19:37:20,,,,,
https://www.olx.com.br/imoveis/venda/apartamentos/estado-al/alagoas/maceio,Apartamento à venda em Maceió,,apartamento,olx,Araraquara,SP,2026-01-31 19:37:20,,,,,
https://www.olx.com.br/imoveis/venda/apartamentos/estado-sc/florianopolis-e-regiao,Apartamento à venda Florianópolis,,apartamento,olx,Araraquara,SP,2026-01-31 19:37:20,,,,,
https://www.olx.com.br/imoveis/venda/apartamentos/estado-sc/norte-de-santa-catarina/regiao-de-joinville-e-norte-do-estado/joinville,Apartamento à venda Joinville,,apartamento,olx,Araraquara,SP,2026-01-31 19:37:20,,,,,
https://www.olx.com.br/imoveis/venda/apartamentos/estado-rj/rio-de-janeiro-e-regiao,Apartamento à venda Rio de Janeiro,,apartamento,olx,Araraquara,SP,2026-01-31 19:37:20,,,,,
https://www.olx.com.br/imoveis/venda/apartamentos/estado-sp/sao-paulo-e-regiao,Apartamento à venda São Paulo,,apartamento,olx,Araraquara,SP,2026-01-31 19:37:20,,,,,
https://www.olx.com.br/imoveis/aluguel/apartamentos/estado-mg/belo-horizonte-e-regiao,Apartamento para alugar em Belo Horizonte,,apartamento,olx,Araraquara,SP,2026-01-31 19:37:20,,,,,
https://www.olx.com.br/imoveis/aluguel/apartamentos/estado-pr/regiao-de-curitiba-e-paranagua,Apartamento para alugar em Curitiba,,apartamento,olx,Araraquara,SP,2026-01-31 19:37:20,,,,,
https://www.olx.com.br/imoveis/aluguel/apartamentos/estado-go/grande-goiania-e-anapolis,Apartamento para alugar em Goiânia,,apartamento,olx,Araraquara,SP,2026-01-31 19:37:20,,,,,
https://www.olx.com.br/imoveis/aluguel/apartamentos/estado-pe/grande-recife/recife,Apartamento para alugar em Recife,,apartamento,olx,Araraquara,SP,2026-01-31 19:37:20,,,,,
https://www.olx.com.br/imoveis/aluguel/apartamentos/estado-ba/grande-salvador/salvador,Apartamento para alugar em Salvador,,apartamento,olx,Araraquara,SP,2026-01-31 19:37:20,,,,,
https://www.olx.com.br/imoveis/aluguel/apartamentos/estado-sc/norte-de-santa-catarina/regiao-de-joinville-e-norte-do-estado/joinville,Apartamento para alugar em Joinville,,apartamento,olx,Araraquara,SP,2026-01-31 19:37:20,,,,,
https://www.olx.com.br/imoveis/venda/apartamentos/estado-ba/grande-salvador/salvador,Apartamento para comprar em Salvador,,apartamento,olx,Araraquara,SP,2026-01-31 19:37:20,,,,,
https://www.olx.com.br/imoveis/venda/apartamentos/estado-se/sergipe/aracaju,Apartamento à venda em Aracajú,,apartamento,olx,Araraquara,SP,2026-01-31 19:37:20,,,,,
https://www.olx.com.br/imoveis/venda/apartamentos/estado-am/regiao-de-manaus/manaus,Apartamento à venda em Manaus,,apartamento,olx,Araraquara,SP,2026-01-31 19:37:20,,,,,
https://www.olx.com.br/imoveis/venda/apartamentos/estado-df/distrito-federal-e-regiao/brasilia,Comprar apartamento em Brasília,,apartamento,olx,Araraquara,SP,2026-01-31 19:37:20,,,,,
https://www.olx.com.br/imoveis/venda/apartamentos/estado-pe/grande-recife/recife,Comprar apartamento Recife,,apartamento,olx,Araraquara,SP,2026-01-31 19:37:20,,,,,
https://www.olx.com.br/imoveis/aluguel/casas/estado-rj/rio-de-janeiro-e-regiao,Casas para alugar Rio de Janeiro,,casa,olx,Araraquara,SP,2026-01-31 19:37:20,,,,,
https://www.olx.com.br/imoveis/venda/casas/estado-rj/rio-de-janeiro-e-regiao,Casas à venda Rio de Janeiro,,casa,olx,Araraquara,SP,2026-01-31 19:37:20,,,,,
https://www.olx.com.br/imoveis/aluguel/casas/estado-sp/sao-paulo-e-regiao,Casas para alugar São Paulo,,casa,olx,Araraquara,SP,2026-01-31 19:37:20,,,,,
https://www.olx.com.br/imoveis/venda/casas/estado-sp/sao-paulo-e-regiao,Casas à venda São Paulo,,casa,olx,Araraquara,SP,2026-01-31 19:37:20,,,,,
https://www.olx.com.br/imoveis/aluguel/casas/estado-pr/regiao-de-curitiba-e-paranagua,Casas para alugar Curitiba,,casa,olx,Araraquara,SP,2026-01-31 19:37:20,,,,,
https://www.olx.com.br/imoveis/venda/casas/estado-pr/regiao-de-curitiba-e-paranagua,Casas à venda em Curitiba,,casa,olx,Araraquara,SP,2026-01-31 19:37:20,,,,,
https://www.olx.com.br/imoveis/aluguel/casas/estado-mg/belo-horizonte-e-regiao,Casas para alugar em Belo Horizonte,,casa,olx,Araraquara,SP,2026-01-31 19:37:20,,,,,
https://www.olx.com.br/imoveis/venda/casas/estado-mg/belo-horizonte-e-regiao,Casas à venda em Belo Horizonte,,casa,olx,Araraquara,SP,2026-01-31 19:37:20,,,,,
https://www.olx.com.br/imoveis/aluguel/casas/estado-df/distrito-federal-e-regiao,Aluguel de casas Distrito Federal,,casa,olx,Araraquara,SP,2026-01-31 19:37:20,,,,,
https://www.olx.com.br/imoveis/venda/casas/estado-df/distrito-federal-e-regiao/brasilia,Casas à venda Brasília,,casa,olx,Araraquara,SP,2026-01-31 19:37:20,,,,,
https://www.olx.com.br/imoveis/aluguel/casas/estado-go/grande-goiania-e-anapolis,Casas para alugar Goiânia,,casa,olx,Araraquara,SP,2026-01-31 19:37:20,,,,,
https://www.olx.com.br/imoveis/venda/casas/estado-go/grande-goiania-e-anapolis,Casas à venda em Goiânia,,casa,olx,Araraquara,SP,2026-01-31 19:37:20,,,,,
https://www.olx.com.br/imoveis/aluguel/casas/estado-sc/norte-de-santa-catarina/regiao-de-joinville-e-norte-do-estado/joinville,Casas para alugar Joinville,,casa,olx,Araraquara,SP,2026-01-31 19:37:20,,,,,
https://www.olx.com.br/imoveis/venda/casas/estado-sc/norte-de-santa-catarina/regiao-de-joinville-e-norte-do-estado/joinville,Casas à venda em Joinville,,casa,olx,Araraquara,SP,2026-01-31 19:37:20,,,,,
https://www.olx.com.br/imoveis/aluguel/casas/estado-pe/grande-recife/recife,Casa pra alugar em Recife,,casa,olx,Araraquara,SP,2026-01-31 19:37:20,,,,,
https://www.olx.com.br/imoveis/aluguel/casas/estado-sc/florianopolis-e-regiao,Aluguel casa Florianópolis,,casa,olx,Araraquara,SP,2026-01-31 19:37:20,,,,,
https://www.olx.com.br/imoveis/venda/casas/estado-sc/florianopolis-e-regiao,Casas à venda em Florianópolis,,casa,olx,Araraquara,SP,2026-01-31 19:37:20,,,,,
https://www.olx.com.br/imoveis/aluguel/casas/estado-ba/grande-salvador/salvador,Casas para alugar em Salvador,,casa,olx,Araraquara,SP,2026-01-31 19:37:20,,,,,
https://www.olx.com.br/imoveis/venda/casas/estado-ba/grande-salvador/salvador,Casas à venda em Salvador,,casa,olx,Araraquara,SP,2026-01-31 19:37:20,,,,,
https://www.olx.com.br/imoveis/venda/casas/estado-am/regiao-de-manaus/manaus,Casas à venda em Manaus,,casa,olx,Araraquara,SP,2026-01-31 19:37:20,,,,,
https://www.olx.com.br/imoveis/aluguel/casas/estado-ce/fortaleza-e-regiao/fortaleza,Aluguel de casas em Fortaleza,,casa,olx,Araraquara,SP,2026-01-31 19:37:20,,,,,
https://www.olx.com.br/imoveis/venda/casas/estado-ba/grande-salvador/grande-salvador/camacari,Casas à venda em Camaçari,,casa,olx,Araraquara,SP,2026-01-31 19:37:20,,,,,
https://www.olx.com.br/imoveis/aluguel/casas/estado-rs/regioes-de-porto-alegre-torres-e-santa-cruz-do-sul,Casas para alugar Porto Alegre,,casa,olx,Araraquara,SP,2026-01-31 19:37:20,,,,,
https://www.olx.com.br/imoveis/venda/casas/estado-rs/regioes-de-porto-alegre-torres-e-santa-cruz-do-sul,Casas à venda em Porto Alegre,,casa,olx,Araraquara,SP,2026-01-31 19:37:20,,,,,
https://www.olx.com.br/imoveis/venda/casas/estado-sp/sao-paulo-e-regiao/outras-cidades/osasco,Casas a venda em Osasco,,casa,olx,Araraquara,SP,2026-01-31 19:37:20,,,,,
https://www.olx.com.br/imoveis/aluguel/estado-mg/belo-horizonte-e-regiao,Alugar imóvel em Belo Horizonte,,outro,olx,Araraquara,SP,2026-01-31 19:37:20,,,,,
https://www.olx.com.br/imoveis/venda/casas/estado-sp/sao-paulo-e-regiao,Alugar imóvel em São Paulo,,outro,olx,Araraquara,SP,2026-01-31 19:37:20,,,,,
https://www.olx.com.br/imoveis/aluguel/apartamentos/estado-rj/rio-de-janeiro-e-regiao,Alugar imóvel no Rio de Janeiro,,outro,olx,Araraquara,SP,2026-01-31 19:37:20,,,,,
https://www.olx.com.br/imoveis/aluguel/apartamentos/estado-sp/grande-campinas/regiao-de-campinas/campinas,Apartamento para alugar em Campinas,,apartamento,olx,Araraquara,SP,2026-01-31 19:37:20,,,,,
https://www.olx.com.br/imoveis/venda/apartamentos/estado-sp/sao-paulo-e-regiao/abcd/santo-andre,Apartamento para alugar Santo André,,apartamento,olx,Araraquara,SP,2026-01-31 19:37:20,,,,,
https://www.olx.com.br/imoveis/venda/apartamentos/estado-sp/grande-campinas,Apartamento à venda em Campinas,,apartamento,olx,Araraquara,SP,2026-01-31 19:37:20,,,,,
https://www.olx.com.br/imoveis/venda/apartamentos/estado-sp/sao-paulo-e-regiao/outras-cidades/guarulhos,Apartamentos à venda em Guarulhos,,apartamento,olx,Araraquara,SP,2026-01-31 19:37:20,,,,,
https://www.olx.com.br/imoveis/venda/apartamentos/estado-rj/rio-de-janeiro-e-regiao/niteroi,Apartamentos à venda em Niterói,,apartamento,olx,Araraquara,SP,2026-01-31 19:37:20,,,,,
https://www.olx.com.br/imoveis/aluguel/apartamentos/estado-sc/norte-de-santa-catarina/regiao-do-vale-do-itajai/balneario-camboriu,Apartamentos para alugar em Balneário Camboriú,,apartamento,olx,Araraquara,SP,2026-01-31 19:37:20,,,,,
https://www.olx.com.br/imoveis/aluguel/apartamentos/estado-sc/norte-de-santa-catarina/regiao-do-vale-do-itajai/itapema,Apartamentos para alugar em Itapema,,apartamento,olx,Araraquara,SP,2026-01-31 19:37:20,,,,,
https://www.olx.com.br/imoveis/aluguel/apartamentos/estado-pr/regiao-de-londrina/regiao-de-londrina/londrina,Apartamentos para alugar em Londrina,,apartamento,olx,Araraquara,SP,2026-01-31 19:37:20,,,,,
https://www.olx.com.br/imoveis/aluguel/apartamentos/estado-sp/baixada-santista-e-litoral-sul/regiao-de-santos/praia-grande,Apartamentos para alugar em Praia Grande,,apartamento,olx,Araraquara,SP,2026-01-31 19:37:20,,,,,
https://www.olx.com.br/imoveis/aluguel/apartamentos/estado-sp/regiao-de-ribeirao-preto/regiao-de-ribeirao-preto/ribeirao-preto,Apartamentos para alugar em Ribeirão Preto,,apartamento,olx,Araraquara,SP,2026-01-31 19:37:20,,,,,
https://www.olx.com.br/imoveis/https://www.olx.com.br/imoveis/aluguel/apartamentos/estado-sp/vale-do-paraiba-e-litoral-norte/vale-do-paraiba/sao-jose-dos-campos,Apartamentos para alugar em São José dos Campos,,apartamento,olx,Araraquara,SP,2026-01-31 19:37:20,,,,,
https://www.olx.com.br/imoveis/venda/casas/estado-sp/grande-campinas/regiao-de-campinas/campinas,Casas à venda em Campinas,,casa,olx,Araraquara,SP,2026-01-31 19:37:20,,,,,
https://www.olx.com.br/imoveis/venda/casas/estado-sp/sao-paulo-e-regiao/outras-cidades/guarulhos,Casas à venda em Guarulhos,,casa,olx,Araraquara,SP,2026-01-31 19:37:20,,,,,
https://www.olx.com.br/imoveis/aluguel/casas/estado-sp/sao-paulo-e-regiao/outras-cidades/barueri,Casas para alugar em Barueri,,casa,olx,Araraquara,SP,2026-01-31 19:37:20,,,,,
https://www.olx.com.br/imoveis/aluguel/casas/estado-pr/regiao-de-londrina/regiao-de-londrina/londrina,Casas para alugar em Londrina,,casa,olx,Araraquara,SP,2026-01-31 19:37:20,,,,,
https://www.olx.com.br/imoveis/aluguel/casas/estado-rj/rio-de-janeiro-e-regiao/niteroi,Casas para alugar em Niterói,,casa,olx,Araraquara,SP,2026-01-31 19:37:20,,,,,
https://www.olx.com.br/imoveis/aluguel/casas/estado-sp/regiao-de-ribeirao-preto/regiao-de-ribeirao-preto/ribeirao-preto,Casas para alugar em Ribeirão Preto,,casa,olx,Araraquara,SP,2026-01-31 19:37:20,,,,,
https://www.olx.com.br/imoveis/aluguel/casas/estado-sp/sao-paulo-e-regiao/abcd/sao-caetano-do-sul,Casas para alugar em São Caetano do Sul,,casa,olx,Araraquara,SP,2026-01-31 19:37:20,,,,,
https://www.olx.com.br/imoveis/aluguel/casas/estado-sp/vale-do-paraiba-e-litoral-norte/vale-do-paraiba/sao-jose-dos-campos,Casas para alugar em São José dos Campos,,casa,olx,Araraquara,SP,2026-01-31 19:37:20,,,,,
https://www.olx.com.br/imoveis/venda/estado-mg/belo-horizonte-e-regiao/grande-belo-horizonte,Comprar imóvel em Belo Horizonte,,outro,olx,Araraquara,SP,2026-01-31 19:37:20,,,,,
https://www.olx.com.br/imoveis/venda/casas/estado-rj/rio-de-janeiro-e-regiao/mangaratiba,Casas à venda em Mangaratiba,,casa,olx,Araraquara,SP,2026-01-31 19:37:20,,,,,
https://www.olx.com.br/imoveis/aluguel/casas/estado-sp/regiao-de-sao-jose-do-rio-preto,Casas para alugar em São José do Rio Preto,,casa,olx,Araraquara,SP,2026-01-31 19:37:20,,,,,
